rank,place,mention_count,seed_queries,sample_titles,sample_links
1,성수,167,팝업|다녀온|가볼만한곳|전시|데이트|서울|핫플|주말|나들이,"성수 맛집, 힙한 브랜드 팝업 파티장 같은 피제리아 소셜클럽|성수 팝업 토코보 선스틱 , 이니스프리 무빙 팝업 , 클리오 서울숲...|김해 결혼준비, 간단히 알아두기|[성수 포켓몬 투어3] 서울숲 포켓몬 시크릿 포레스트 후기! 최단...|성수 토이스토리 파파존스 피자플래닛 팝업 총정리 (기간·메뉴...",https://blog.naver.com/mamo__all/224301825567|https://blog.naver.com/slpbb/224301825084|https://blog.naver.com/cjfibjq05398_ie/224301525589|https://blog.naver.com/ejl0304-/224301823835|https://blog.naver.com/kmiso77/224301821182
2,수원,118,가볼만한곳|주말|전시|수도권|다녀온|데이트|나들이|방문|핫플|후기|팝업,[수원] 1박2일 여행:: 수원 스타필드 핫쵸|행궁동...|5월도 씩씩하게|2026년 산업통상부 업무 보고 요약|[프롤로그] 웨딩일지 - 결혼식 준비 스타뜨,https://blog.naver.com/myominey/224301824552|https://blog.naver.com/estherkim795/224301820978|https://blog.naver.com/moojisung-titan/224301795293|https://blog.naver.com/ruddlrhdi/224301785976|https://bluebeat.tistory.com/449
3,인천,100,데이트|방문|전시|서울|다녀온|수도권|후기|나들이|핫플|팝업|가볼만한곳,"[서울이스케이프룸] 방탈출 '404호 살인사건' 탈출 성공 후기|[영종하늘도시 키즈쿠킹] 아이들의 맛있는 놀이터, '아이키친...|드라이브로 떠나는 당일치기 여행|[GM/쉐보레]인천계양구 쉐보레 대리점_외관감상기(2026년...|을왕리 카페오라(cafe ORA) 언덕위의 뷰맛집 브런치...",https://blog.naver.com/dun02105/224301832366|https://blog.naver.com/wysjsj0220/224301826553|https://blog.naver.com/madame-song/224301819203|https://blog.naver.com/club8383/224301818478|https://blog.naver.com/ajh325/224301815765
4,강남,89,데이트|일상|후기|오늘|방문|가볼만한곳|팝업|서울|다녀온|주말|수도권|핫플|나들이|전시,강남회식장소 끝판왕 청수횟집 역삼동 자연산 숙성회 맛집|AEO(AI 답변 엔진 최적화)란 진짜 무엇인가? SEO 차이점 및...|양재역 헬스장 자마이카피트니스 강남뱅뱅점 운동과 사우나를...|신논현 맛집 깊고 진한맛을 느낄 수 있는 양양집 신논현점|강남구청양꼬치 육즙 가득한 양왕꼬치와 요리 조합 추천,https://blog.naver.com/jegaryoo23/224301690108|https://blog.naver.com/njoytoday/224301827786|https://blog.naver.com/jinilogin/224301826586|https://blog.naver.com/onlyyou6225/224301826501|https://blog.naver.com/ioloolol/224301825281
5,잠실,83,나들이|후기|데이트|서울|팝업|주말|전시|수도권|방문|다녀온|가볼만한곳|핫플,"[2026,May]바쁜 5월 일상기록|잠실 딘타이펑 롯데월드몰점 실패없는 외식 메뉴 샤오롱바오 맛집|[잠실 맛집] 여전히 핫한 맛의 성지, 에비뉴엘...|잠실 맛집 - 대구의 유명한 감자 막창 [진미 막창]|[잠실] 방이시장 닭강정 맛집 닭강정아 본점｜ 서울 3대 닭강정...",https://blog.naver.com/sksekdmsl/224301832202|https://blog.naver.com/ur_myspring0309/224301830502|https://blog.naver.com/la929988/224300491107|https://blog.naver.com/orisu__/224301822986|https://blog.naver.com/yoo__s2/224301820783
6,홍대,81,데이트|핫플|서울|나들이|오늘|전시|팝업|다녀온|가볼만한곳,서울 홍대 맛집 인기있을만한 홍대 점심 맛집|홍대 카페 [렉터스라운지] 북카페·작업하기 좋은 카페 추천|[홍대 맛집/만동제과] 연남동 빵집에서 만난 인생 홍대 빵맛집...|홍대 연남 서울 팔찌 공방 추천 언커무드 가격 친구랑 팔찌...|홍대맛집 홍대간장게장 홍일품 건강한 간장게장,https://blog.naver.com/wooec35/224301832745|https://blog.naver.com/nyong_hun/224301829763|https://blog.naver.com/rachel_0112/224301828331|https://blog.naver.com/alldayisnewday/224301827507|https://blog.naver.com/goldsinger262/224301376709
7,용산,74,팝업|서울|핫플|주말|데이트|수도권|가볼만한곳|방문|나들이|전시,용산 놀거리 아이파크몰 마블컬렉션 용산점 굿즈 피규어 솔직후기|용산 아이파크몰 맛집 라멘 7층 용산역 멘야 서울|분위기 맛집 용산펍 이태원술집 “코리아호프”|용산 맛집 뜯고기 용산역본점 웨이팅 후기|[한남동 스페인 다이닝 맛집] 레에스티우 런치 가격 주차...,https://blog.naver.com/uni4775/224301832699|https://blog.naver.com/narawh/224301830534|https://blog.naver.com/liena8698_/224301829634|https://blog.naver.com/hsmail0918/224301817828|https://blog.naver.com/jangpan1000won/224301816776
8,종로,64,후기|데이트|핫플|나들이|서울|방문|가볼만한곳|다녀온|전시|팝업,종로3가 숯불구이 맛집 숙달돼지 종각 솔직 후기|안국 맛집 다반에서 정성스러운 한식으로 차분하고 기분 좋은...|[서울/종로] 식물|카페 추천|익선동 데이트코스,https://blog.naver.com/lkjh9879/224301826884|https://blog.naver.com/pp791617/224301826383|https://blog.naver.com/tnwjd2854/224301825776|https://blog.naver.com/ranislog/224300095551|https://blog.naver.com/rlqhrl25/224301667206
9,고양,48,방문|수도권|주말|팝업|데이트|후기|나들이|가볼만한곳|전시|핫플,고양 키즈쿠킹클래스 원데이클래스 야미 쿠킹클래스|[고양 카페 투어] 물구리빵집 샤스타데이지 실시간...|5월 기록|3 2 1 FIGHT!!|[하남 고양이카페] 냥냥하우스,https://blog.naver.com/leeseul1031/224301832772|https://blog.naver.com/pusasa/224301827601|https://blog.naver.com/ykkkkkk_/224301819537|https://blog.naver.com/meezie/224301819327|https://blog.naver.com/yeonii902/224301812132
10,여의도,48,가볼만한곳|데이트|핫플|서울|전시|수도권|주말|나들이|오늘|다녀온|팝업,[캣츠 앤 독스] 하늘에서 본 지구 얀 아르튀스 베르트랑...|공덕역 맛집 모연 여의도 점심 점심특선 한우숯불양념구이...|IFC몰 근처 여의도 양갈비 맛집 관호 여의도본점|< 서울 안심정육> 서여의도점 - 국회의사당역 한우 소고기 점심...|여의도 '더현대서울'에서 <dacor>프리미엄주방가전을 만나다!!,https://blog.naver.com/pink_psycho/224301827570|https://blog.naver.com/ahineee/224301818642|https://blog.naver.com/yeseonm/224301812944|https://blog.naver.com/hanseul73/224301810301|https://blog.naver.com/ygddalchun/224301753952
11,파주,45,수도권|다녀온|데이트|팝업|후기|방문|가볼만한곳|전시|나들이|핫플,"[고양 카페 투어] 물구리빵집 샤스타데이지 실시간...|서울근교 1박 추천｜파주에서 여유롭게 쉬기 좋았던 코스 총정리|파주 방문 안 닫힘, 문틀에 걸릴 때 간섭 해결방법|강동구 강일동 강동리버스트 중고 벽걸이 엘지 에어컨설치...|파주 롯데프리미엄 아울렛 맛집 ""명륜진사갈비 다율점...",https://blog.naver.com/pusasa/224301827601|https://blog.naver.com/dogking-/224301197298|https://blog.naver.com/midamd4979/224301690974|https://blog.naver.com/dkaskqkdl1/224301596344|https://blog.naver.com/theothermoon/224301829373
12,더현대서울,42,팝업|핫플|전시|다녀온|가볼만한곳,[서울 아이와 함께] 더현대 서울 사운즈포레스트ㅣ...|[트랜드 LAB] 더현대 서울 5월 30일 팝업 스토어|IFC몰 근처 여의도 양갈비 맛집 관호 여의도본점|여의도 '더현대서울'에서 <dacor>프리미엄주방가전을 만나다!!|[5월] PLAVE(플레이브) 아스테룸 433-10 / 십카페 은호 생일...,https://blog.naver.com/pinknury84/224301831533|https://blog.naver.com/teundspacegure/224301823409|https://blog.naver.com/yeseonm/224301812944|https://blog.naver.com/ygddalchun/224301753952|https://blog.naver.com/milky_way417/224301829077
13,마포,42,후기|서울|핫플|데이트|수도권|다녀온|나들이|전시|팝업|가볼만한곳,장소 추천 천년닭강정 마라로제닭강정 세트 공덕 맛집 솔직 후기|홍대맛집 홍대간장게장 홍일품 건강한 간장게장|[서울/마포구] 연남동 맛집 고즈넉한 단독주택에서 즐기는...|[망리단길술집 술잔 망원] 분위기 좋고 안주가 맛있는 술잔 망원|다이닝원 상암점 마포구맛집 프리미엄 뷔페 솔직후기,https://blog.naver.com/kdia2353/224301830847|https://blog.naver.com/goldsinger262/224301376709|https://blog.naver.com/gogumajoahyo/224301823895|https://blog.naver.com/dagamdl/224301821899|https://blog.naver.com/pa9595-/224301819237
14,명동,41,데이트|수도권|전시|서울|핫플|방문|다녀온|나들이|가볼만한곳|팝업,"시청역맛집 한가람 본점에서 제대로 즐긴 명동한정식 보양식 한상|입안에서 사르르 녹는 명동 초밥 맛집, ‘은행골 명동점’...|2월~5월|이삭토스트 포켓몬 뱃지 4탄, 6월 1일 전 꼭 볼 가격·메뉴...|수도권 아이랑 가볼만한곳 광명동굴 방문후기",https://blog.naver.com/wjddmsqhd/224301824397|https://blog.naver.com/fernforest/224301821357|https://blog.naver.com/madtomatoes/224301816219|https://blog.naver.com/flemznls1/224301813143|https://blog.naver.com/dkfka0226/224301709905
15,서울숲,41,팝업|가볼만한곳|전시|핫플|다녀온|나들이|데이트,"성수 팝업 토코보 선스틱 , 이니스프리 무빙 팝업 , 클리오 서울숲...|[성수 포켓몬 투어3] 서울숲 포켓몬 시크릿 포레스트 후기! 최단...|2026 서울숲 가든페스티벌 사전예매 공연 후기 및 주변...|2026 서울국제정원박람회 방문기^_^ 서울숲 정원 박람회에서...|특별한 날을 더 빛내줄 크로하우스 성수점 서울숲 피크닉...",https://blog.naver.com/slpbb/224301825084|https://blog.naver.com/ejl0304-/224301823835|https://blog.naver.com/bi-yam/224301822845|https://blog.naver.com/flytothemoon__/224301819459|https://blog.naver.com/violet1004_20/224301811976
16,남양주,38,가볼만한곳|후기|다녀온|주말|서울|데이트|수도권|방문|나들이|전시|팝업|핫플,6월 첫째주의 추천 여행지(1): 남양주 물의 정원 꽃양귀비 꽃밭...|️ [경기 근교 캠핑] 힐링별밤수목원 캠핑장 명당 후기 & 캠핑...|남양주 대형카페 카페인퀸스 맛있는 브런치 북한강뷰|밀어놓고 있는 사진들|남양주 대형카페 테이블스라운지 서울 근교 드라이브 추천,https://blog.naver.com/hongyoon2018/224301831076|https://blog.naver.com/dn_pair/224301828207|https://blog.naver.com/haha52494/224301826735|https://blog.naver.com/redtpr/224301806422|https://blog.naver.com/zoflrwldnjs/224301818426
17,부천,37,가볼만한곳|수도권|핫플|주말|방문|다녀온|후기|나들이|전시|데이트,"장미가 이렇게 예쁜 줄 몰랐어요! 전국 장미축제 모아봤어요|파주 방문 안 닫힘, 문틀에 걸릴 때 간섭 해결방법|부천 중동 맛집 단체모임 하기 좋은 곳 술속의밤 부천시청점|2026 전국 장미축제 일정 및 명소 추천: 곡성 임실 부천 대청호...|강동구 강일동 강동리버스트 중고 벽걸이 엘지 에어컨설치...",https://blog.naver.com/eunhee_0217/224301822700|https://blog.naver.com/midamd4979/224301690974|https://blog.naver.com/dhkang2184/224301670498|https://blog.naver.com/goodmantrip/224301616396|https://blog.naver.com/dkaskqkdl1/224301596344
18,일산,36,서울|수도권|전시|다녀온|팝업|가볼만한곳|나들이|데이트|핫플,독특한 이미지를 얻을 수 있는 다중 노출 모드|후지 XF10|일산 가볼만한곳 서울 근교 원마운트 워터파크 주말 방문 후기...|노후계획도시 특별법 1기 신도시 재건축과 주변 부동산 변화|강동구 강일동 강동리버스트 중고 벽걸이 엘지 에어컨설치...,https://blog.naver.com/inter95_kr/224297090469|https://blog.naver.com/chhorain/224301715022|https://blog.naver.com/eeeocnehd/224301511384|https://blog.naver.com/dkaskqkdl1/224301596344|https://blog.naver.com/songsongland-/224301830521
19,분당,33,서울|수도권|방문|일상|전시|핫플|나들이|가볼만한곳|데이트,"[분당율동맛집] 천장이 열리는 도심 속 힐링 장소...|분당 상가 바닥철거 디럭스타일철거 에폭시샌딩 시공 사례|분당 골프샵 테일러메이드 스텔스 중고채 보상판매 26년 Qi4D...|파주 방문 안 닫힘, 문틀에 걸릴 때 간섭 해결방법|분당골프샵 여성 인기 풀세트 마제스티 STERNA 시타후기",https://blog.naver.com/lifesightseeing/224301820147|https://blog.naver.com/ryong9198/224301764881|https://blog.naver.com/golfpsyco/224301755873|https://blog.naver.com/midamd4979/224301690974|https://blog.naver.com/ljydung/224301655614
20,송도,32,수도권|가볼만한곳|데이트|다녀온|방문|전시|나들이|팝업|핫플,"[인천 송도 카페] 송도 꾸덕 초코바게트 맛집 찾았다!...|주말 가볼만한곳 #베이커리카페 #포레스트아웃팅스]|송도 고기집 해밀락, 센트럴파크 데이트 코스로 딱인 제주 숙성...|편안한 분위기에서 숙성 와규의 참맛을 느낄 수 있는 송도 맛집...|송도미용실추천 애쉬그레이 염색 후기",https://blog.naver.com/jjongeuni_/224301820063|https://blog.naver.com/yhg9218/224301734841|https://blog.naver.com/wjung2018/224301818983|https://blog.naver.com/wendi1226/224301817378|https://blog.naver.com/otherwis125/224301814831
21,시청,30,데이트|수도권|방문|다녀온|전시|나들이|가볼만한곳|팝업|핫플,"시청역맛집 한가람 본점에서 제대로 즐긴 명동한정식 보양식 한상|화제성 미쳤다...시청률 '1위' 행진→새벽 2시에 '39만' 시청자...|부천 중동 맛집 단체모임 하기 좋은 곳 술속의밤 부천시청점|대전 시청 근처 분위기 좋은 양식 맛집, ‘알바노어반‘|시청회식 장소 추천, 30년 장인의 정통 중식을 프라이빗하게...",https://blog.naver.com/wjddmsqhd/224301824397|https://blog.naver.com/akaia100/224301784485|https://blog.naver.com/dhkang2184/224301670498|https://blog.naver.com/ok1010908/224301826334|https://blog.naver.com/hm050599/224301833213
22,을지로,30,다녀온|나들이|가볼만한곳|핫플|전시|데이트,을지로점 휴가 낸 김에 친구와 평일 호캉스 겸 다녀온 저녁|속초여행 다녀왔어요|을지로3가역 카페 맛집 코스 추천|인현골방·셀러워크꽃밭...|[맛집/충무로] 퇴근 후 방문하기 좋은 보쌈/부추전 맛집 '남산도담',https://blog.naver.com/kkqoo123/224301811608|https://blog.naver.com/nnnibevol/224301811917|https://blog.naver.com/sosolife323/224301806296|https://blog.naver.com/jenna_39/224301785689|https://blog.naver.com/wlrmaqlc/224301779539
23,망원,29,방문|전시|데이트|주말|서울|다녀온|핫플|나들이|가볼만한곳|팝업,"[망원/명품잔치국수] 잔치국수/망원맛집/합정맛집/서교동맛집...|4월에는|[망리단길술집 술잔 망원] 분위기 좋고 안주가 맛있는 술잔 망원|5월도 씩씩하게|망원시장 맛집 샐러드, 포케로 맛있는 다이어트가 가능한 곳!...",https://blog.naver.com/jjuggumiking/224301824702|https://blog.naver.com/breadman19/224301823403|https://blog.naver.com/dagamdl/224301821899|https://blog.naver.com/estherkim795/224301820978|https://blog.naver.com/jamiemariage/224301815570
24,서초,29,서울|오늘|방문|주말|수도권|전시|후기|다녀온|나들이|데이트|가볼만한곳|팝업|핫플,양양집 신논현점 신논현 맛집 편하게 들리기 좋은 곳|신논현 맛집 깊고 진한맛을 느낄 수 있는 양양집 신논현점|서초 PH1603 공급 정보|양념갈비가 맛있는 선부진갈비 남부터미널역맛집|[내드리오]서초 카페 인테리어,https://blog.naver.com/ainackerman/224301830538|https://blog.naver.com/onlyyou6225/224301826501|https://blog.naver.com/w-1809/224301822924|https://blog.naver.com/dailyleeeun/224301815778|https://blog.naver.com/imakehouse2021/224301814795
25,연남동,28,데이트|핫플|서울|후기|나들이|가볼만한곳|전시|팝업,"맛집 클래식당, 유럽 감성 가득한 테라스와 수제 피자 데이트|[홍대 맛집/만동제과] 연남동 빵집에서 만난 인생 홍대 빵맛집...|홍대 연남 서울 팔찌 공방 추천 언커무드 가격 친구랑 팔찌...|연남 연어동 맛집, 삼색연어동이 맛있는 데이트 하기 좋은 맛집|[서울/마포구] 연남동 맛집 고즈넉한 단독주택에서 즐기는...",https://blog.naver.com/ondamsi/224301829036|https://blog.naver.com/rachel_0112/224301828331|https://blog.naver.com/alldayisnewday/224301827507|https://blog.naver.com/5bamboo_forest2/224301824444|https://blog.naver.com/gogumajoahyo/224301823895
26,하남,28,다녀온|데이트|나들이|수도권|방문|전시|가볼만한곳|핫플,"[하남] 교산가마솥밥한상|미사출장마사지 솔직후기, 하남 위례 송파까지 야근지옥 퇴근...|[하남 고양이카페] 냥냥하우스|귀여운 고양이들과 시간보낼...|Mai",https://blog.naver.com/atom_belly/224301823648|https://blog.naver.com/cherryalarm90/224301816813|https://blog.naver.com/yeonii902/224301812132|https://blog.naver.com/harrie-/224301811885|https://blog.naver.com/golfpsyco/224301755873
27,삼성,27,서울|수도권|후기|방문|일상|전시|다녀온|나들이|팝업|핫플|가볼만한곳,중앙해장 내돈내산 웨이팅 싫을 땐 서초점|삼성 올레드TV 55인치 방문설치 삼성전자 TV 55인치...|wf21cb6650bw7n 삼성 비스포크 그랑데 AI 세탁기 후기 확인|wh90f2520 비교 중이라면 삼성 AI 원바디 세탁건조기 후기...|프리미엄 삼성 김치통 10¸9리터 김치 냉장고 통 RQ49 RQ58...,https://blog.naver.com/ban__di/224297813636|https://blog.naver.com/bfsqvtxs/224301740045|https://blog.naver.com/3auwnrh320vt/224301828827|https://blog.naver.com/3auwnrh320vt/224301832170|https://blog.naver.com/q8_y1llkkwnfs/224301826018
28,압구정,27,서울|주말|데이트|다녀온|나들이|가볼만한곳|전시|팝업|핫플,압구정 스탠다드시스템|메탈 냄새 세게나는 우드톤 느좋카페...|[압구정 맛집] 돈카츠 집 같지 않은 감성 식당 - 카츠바이콘반|아 5월 너무 알차다|압구정 '투아투아' 방문후기와 느낀점,https://blog.naver.com/oomnyaam/224300016620|https://blog.naver.com/shstmxhq777/224301763288|https://blog.naver.com/iixgnos/224301829254|https://blog.naver.com/ain_design_studio/224301816790|https://blog.naver.com/qo091600/224301820810
29,마곡,26,데이트|후기|전시|방문|서울|수도권|주말|일상|다녀온|팝업|핫플|가볼만한곳,《옥소반》 마곡 맛집 모임/마곡 샤브샤브 맛집!|우장산 오징어튀김 삼찬옥 마곡역 회식 맛집 후기|카페|펠어커피초코 마곡점|파베쿠키 선물세트 내돈내산 후기,https://blog.naver.com/ae961207/224301832225|https://blog.naver.com/p_8427/224301829358|https://blog.naver.com/ghshin95/224301828538|https://blog.naver.com/daksj1/224301822860|https://blog.naver.com/dkasks11/224301823294
30,합정,24,방문|서울|데이트|오늘|후기|다녀온|핫플|나들이|팝업|전시,[망원/명품잔치국수] 잔치국수/망원맛집/합정맛집/서교동맛집...|홍대맛집 홍대간장게장 홍일품 건강한 간장게장|[망리단길술집 술잔 망원] 분위기 좋고 안주가 맛있는 술잔 망원|홍대타코 맛집 : 나성타코 feat. 멕시칸 음식점|존맛 상수역 고기집 [상고집]｜상수역 야장 가능 구워주는...,https://blog.naver.com/jjuggumiking/224301824702|https://blog.naver.com/goldsinger262/224301376709|https://blog.naver.com/dagamdl/224301821899|https://blog.naver.com/fromserena/224301819439|https://blog.naver.com/sootory0403/224301819550
31,송파,23,서울|다녀온|수도권|후기|데이트|전시|팝업|핫플,"[잠실] 방이시장 닭강정 맛집 닭강정아 본점｜ 서울 3대 닭강정...|방이동 국밥 맛집|보승회관 방이점 푸짐한 뼈감자탕 2인 추천|미사출장마사지 솔직후기, 하남 위례 송파까지 야근지옥 퇴근...|아이와 함께하는 즐거운 방문미술 아트모마 서울 송파지사",https://blog.naver.com/yoo__s2/224301820783|https://blog.naver.com/seagat/224301818977|https://blog.naver.com/cherryalarm90/224301816813|https://blog.naver.com/minhwarg89/224301812913|https://blog.naver.com/leewonji43/224301811155
32,동대문,22,방문|서울|수도권|핫플|후기|팝업|다녀온|나들이|전시,동대문구도배 34평 실크 진그레이 시공|청량리역 맛집 호우섬 내돈내산 도삭면 뽀짜이판 꿔바육 후기|답십리 맛집 한옥정 성시경 먹을텐데 삼겹살 내돈내산 및 주차|[청량리 맛집] 서울 2만원대 국내산 게장 무한리필 꽃게장집|[청량리 맛집]홍어로 만드는 회냉면 청량리 평양냉면 본점,https://blog.naver.com/barundobae/224301825580|https://blog.naver.com/pupufing/224301824607|https://blog.naver.com/wlsthf6434/224301812002|https://blog.naver.com/rhath5206/224294786341|https://blog.naver.com/kos901500/224287782087
33,신사,22,방문|서울|나들이|팝업|전시|다녀온|데이트|핫플,"하늘호수피부과의원 확장이전 안내, 신사김동하피부과의원으로...|[ 서울 /신사역] 신사역 가로수길에 근접한 속눈썹펌 샵 바이솜 강남|주말 나들이 , 영화 <군체> 관람 (스포 X)|신사동 고물 수거, 고층 가구 버리기의 어려움|스마트워치요금제 빠르게 개통하기",https://blog.naver.com/momentkim/224301822357|https://blog.naver.com/pjjkoko02/224301814345|https://blog.naver.com/cojongyomin/224301817507|https://blog.naver.com/ffqkyfg4/224301832376|https://blog.naver.com/aid0002/224301696638
34,코엑스,22,다녀온|수도권|가볼만한곳|후기|데이트|전시|나들이|팝업|핫플,[서울] 매콤한게 땡길때 코엑스 맛집 : 돌산등대집|웨덱스웨딩박람회 in 코엑스마곡 6월 예비부부 추천...|2026년 5월 마지막주 수도권 전시회 일정 모음｜코엑스...|마곡 돈가스 맛집 오제제 마곡코엑스점 내돈내산 후기|2026 코엑스 웨딩 박람회 고급 정보,https://blog.naver.com/hyoojjj/224301812442|https://blog.naver.com/dosooni-/224301756106|https://blog.naver.com/limjuyoun/224301724146|https://blog.naver.com/sileelife/224301831590|https://blog.naver.com/govrfid945016_kx/224301351031
35,강동,21,후기|수도권|데이트|서울|가볼만한곳|다녀온|방문|나들이|팝업|핫플,"강동 굽은다리역 맛집 불타는삼겹살 후기 ⭐4.0|서울 암사공원 조형물 설치(강동 미니포크레인, 천호동...|곱창양이 푸짐한 백호곱창 천호점 천호역 맛집|27년 상반기 강동 루벨-투어후기 2(연회장/신부대기실/베뉴)|[천호필라테스] 바로선필라테스 솔직후기! 내향인도 편안한...",https://blog.naver.com/sian_zip/224301833171|https://blog.naver.com/kjscrom/224301830627|https://blog.naver.com/hajjin_day/224301819519|https://blog.naver.com/hgdngr/224301818734|https://blog.naver.com/onlylixe/224301813848
36,광교,21,주말|수도권|가볼만한곳|데이트|다녀온|나들이|핫플|전시|팝업,"국평 20억 돌파한 광교중흥S-클래스의 독주와 호수뷰의 가치|파주 방문 안 닫힘, 문틀에 걸릴 때 간섭 해결방법|광교신도시 20억대 — 학군·신축·호수공원 3박자 갖춘...|[오렌지베이글]광고지만 내돈내산으로 또 찾은 수원빵맛집!...|초보운전 광교외식타운 드라이브, 퀸스타운·르디투어 코스 추천",https://blog.naver.com/jayden-01/224301819253|https://blog.naver.com/midamd4979/224301690974|https://blog.naver.com/geul_geul/224301640089|https://blog.naver.com/chichi324/224301824828|https://blog.naver.com/hellomina_/224301793895
37,광화문,21,나들이|방문|데이트|핫플|가볼만한곳|다녀온|전시|팝업,"[2026,May]바쁜 5월 일상기록|광화문 맛집 산채향에서 더덕의 풍미를 살린 정갈한 식사하고...|광화문 점심 맛집 도레미타코, 2인세트로 가볍게 즐긴 타코 점심|페어리 선물추천 고깔 꽃다발 창덕궁 서순라길 종로3가 안국역...|[광화문] 광화문 카페 커피 맛집 센터커피, 코코망고 후기",https://blog.naver.com/sksekdmsl/224301832202|https://blog.naver.com/loiooioi/224301827719|https://blog.naver.com/ccbily/224301825074|https://blog.naver.com/fairyflowershop/224301822941|https://blog.naver.com/behappy826/224301820961
38,김포,21,방문|수도권|후기|핫플|팝업|다녀온|데이트|가볼만한곳|나들이,김포 고촌 양우내안애 이사청소|주방부터 피톤치드까지...|[김포 장기초] 에어컨 분해세척 현장｜학교 에어컨 청소...|강동구 강일동 강동리버스트 중고 벽걸이 엘지 에어컨설치...|[김포 맛집] 웨이팅 필수! 세월이 증명하는 노포 국수 맛집...,https://blog.naver.com/clean-up119/224301823142|https://blog.naver.com/saein_clean/224301640822|https://blog.naver.com/dkaskqkdl1/224301596344|https://blog.naver.com/audghk1129/224301828327|https://blog.naver.com/audghk1129/224301819043
39,석촌,19,팝업|데이트|가볼만한곳|전시|핫플,5월 기록|[(광고X) 석촌호수 브런치&카페 추천] 석촌호수&잠실 데이트 코...|[Daily] 기분 전환 모먼트|석촌호수 데이트 & 뉴 네일 자랑✨|석촌호수 메이플 스토리: 23주년 대규모 오프라인 이벤트...,https://blog.naver.com/patato_/224301822444|https://blog.naver.com/jihyunclaire/224301829911|https://blog.naver.com/uncle_j205/224301803763|https://blog.naver.com/oa2020/224301734803|https://blog.naver.com/passyj01/224301808760
40,건대,18,핫플|전시|데이트|다녀온|나들이|팝업,코노하 건대점 내돈내산 스프카레 찐 맛집 솔직 후기|2026 서울국제정원박람회 방문기^_^ 서울숲 정원 박람회에서...|[건대 중식 맛집] 건대입구 데이트 맛집‼️ “팡두두”...|건대왁싱 아나덴슈가링왁싱에서 뒷목왁싱 하고온 후기|[건대 맛집] 왕김밥 : 고물가 시대에 양과 맛으로 승부하는 김밥...,https://blog.naver.com/sosouhyun/224301819687|https://blog.naver.com/flytothemoon__/224301819459|https://blog.naver.com/redzo0_1/224301804130|https://blog.naver.com/bazookaposeydoux/224301747344|https://blog.naver.com/s_umnii/224292649430
41,구리,18,수도권|방문|후기|나들이|다녀온|전시|가볼만한곳|팝업|핫플,[고양 카페 투어] 물구리빵집 샤스타데이지 실시간...|MAY / 영원한 건 없어도 평생이란 건 있어|이름은 속초지만 구리 찐맛집|해물아구찜 후기|오늘 동 시세 1kg 가격 고물상 실시간 시세표 동값 요약 정리,https://blog.naver.com/pusasa/224301827601|https://blog.naver.com/luci_r/224301823331|https://blog.naver.com/hoppog/224301833132|https://blog.naver.com/ghtjd2265/224301832631|https://blog.naver.com/jungye2/224301827650
42,남산,18,서울|방문|다녀온|나들이|가볼만한곳|데이트|전시|팝업|핫플,오스트리아 카페 자허 아인슈페너 자허토르테|서울 역 맥주 맛집 드디어 말아왔다!!|남산돈까스 점심과 남산 하늘숲길 산책 / 소니 사이버샷 T9|[맛집/충무로] 퇴근 후 방문하기 좋은 보쌈/부추전 맛집 '남산도담'|남산 뷰가 아름다웠던 낙산공원 근처 홍콩 감성 맛집 다녀온 후기,https://blog.naver.com/whdghk523/224301633129|https://blog.naver.com/jjang_ondo/224301814589|https://blog.naver.com/minutopia/224301831146|https://blog.naver.com/jenna_39/224301785689|https://blog.naver.com/iamjjji/224301769518
43,서촌,18,데이트|다녀온|나들이|전시|팝업|핫플|가볼만한곳,"종로 서촌 오봉카츠 겉바속촉 인생 돈가스와 시원한 기린...|오월의 청춘|[일상] 5월 일기|서촌 나들이 서촌 맛집 이스토, 카페 어퍼스트로피, 경복궁 산책...|2026년 4월 30일",https://blog.naver.com/minji9038/224301812844|https://blog.naver.com/yunji_is/224301815358|https://blog.naver.com/driveseaside/224301807420|https://blog.naver.com/with_theriver/224301769573|https://blog.naver.com/hwanior/224301808788
44,석촌호수,18,팝업|데이트|가볼만한곳|핫플,5월 기록|[(광고X) 석촌호수 브런치&카페 추천] 석촌호수&잠실 데이트 코...|[Daily] 기분 전환 모먼트|석촌호수 데이트 & 뉴 네일 자랑✨|석촌호수 메이플 스토리: 23주년 대규모 오프라인 이벤트...,https://blog.naver.com/patato_/224301822444|https://blog.naver.com/jihyunclaire/224301829911|https://blog.naver.com/uncle_j205/224301803763|https://blog.naver.com/oa2020/224301734803|https://blog.naver.com/passyj01/224301808760
45,이태원,18,주말|핫플|다녀온|수도권|가볼만한곳|데이트|나들이|전시|팝업,[해방촌] 브런치 오파토|분위기 맛집 용산펍 이태원술집 “코리아호프”|카페 드 우영미 이태원 루프탑카페|평택 미군기지 맛집 크레이지윙스앤버거 수제버거|이태원 피맥 핫플 서울 피자 맛집 추천 아노브,https://blog.naver.com/lyric097/224301831863|https://blog.naver.com/liena8698_/224301829634|https://blog.naver.com/hanyipman/224295780815|https://blog.naver.com/artemis-psyche/224301724673|https://blog.naver.com/gktvkt13/224301807460
46,판교,18,수도권|가볼만한곳|팝업|다녀온|데이트|전시|핫플,"파주 방문 안 닫힘, 문틀에 걸릴 때 간섭 해결방법|성남 탕수육 차알 판교 판교역 근처 중식 맛집 후기|[내돈내산] 줄 서서 먹는 판교 현백 팝업 '보따리제과점' 홍콩식...|서울근교야외웨딩 아연당 한옥베뉴 분위기 주차 연회 음식...|수서역 지하 맛집 '냉삼이 맛있는 고기집' 판교집 수서점",https://blog.naver.com/midamd4979/224301690974|https://blog.naver.com/ordinary__archive/224301818997|https://blog.naver.com/12h34/224301811335|https://blog.naver.com/byeoli0412/224301783976|https://blog.naver.com/tkh456/224301763721
47,한남동,18,서울|주말|팝업|전시|다녀온|핫플|가볼만한곳,"오월 야호-⭐︎|[한남동 스페인 다이닝 맛집] 레에스티우 런치 가격 주차...|이태리국시 한우 대창 파스타, 파스타 냉동 밀키트 추천|레이브 X 헬로키티 팝업 스토어 in 성수 둘러보기|한남동 전시 <Floating Eternity",https://blog.naver.com/hiyhiy_/224301818873|https://blog.naver.com/jangpan1000won/224301816776|https://blog.naver.com/skrkddlsgp/224301811694|https://blog.naver.com/stculture09/224301774644|https://blog.naver.com/hootooteee/224301823674
48,광명,17,수도권|나들이|데이트|방문|다녀온|전시|팝업|가볼만한곳,"수도권 아이랑 가볼만한곳 광명동굴 방문후기|파주 방문 안 닫힘, 문틀에 걸릴 때 간섭 해결방법|광명 하수구 냄새 화장실 트랩 싱크대 홈통 시공 후기|광명역맛집 매콤한 쭈꾸미가 생각날 때 산촌신쭈꾸미 광명역점|광명 데이트 하기 좋은 곳 명륜진사갈비 광명사거리점...",https://blog.naver.com/dkfka0226/224301709905|https://blog.naver.com/midamd4979/224301690974|https://blog.naver.com/zapzap_a/224301661199|https://blog.naver.com/jioun210/224301826172|https://blog.naver.com/gongbuyou/224301826352
49,문래,17,데이트|핫플|전시|팝업,"문래동 맛집 이한스시 생선회세트 점심특선 솔직후기|오늘의 일기 / 주말 문래 데이트 ❤️ 로우더 문래, 그믐족발|동네주민들이 인정하는 낙성대역, 문래역, 부암동 로컬 맛집 카페!|<문래양가> 문래 - 요즘 핫한 양꼬치집|맥 소바(Soba) 아이섀도우, 왜 아직도 추천될까?",https://blog.naver.com/woncon/224301810512|https://blog.naver.com/wlsl3895/224301826794|https://blog.naver.com/kyoonsun7/224301804955|https://blog.naver.com/jjeonyong0903/224301811292|https://blog.naver.com/alskalsko/224301794150
50,양재,17,후기|주말|전시|방문|나들이|데이트|팝업|핫플,"양재역 헬스장 자마이카피트니스 강남뱅뱅점 운동과 사우나를...|양재역맛집 유월의 보리, 정갈한 솥밥 한상에 반했어요|양재꽃시장 꽃다발 플로움 내돈내산 후기｜가격 포장 구매팁...|양재시민의숲역맛집 삼겹살 금은돈양재직영점 두꺼운삼겹살|양재 곰탕 맛집 찾다가 방문한 도하정 서초양재도곡점 솔직 후기",https://blog.naver.com/jinilogin/224301826586|https://blog.naver.com/labell_1/224301811892|https://blog.naver.com/haruunni_/224301832252|https://blog.naver.com/robyum_92/224301826769|https://blog.naver.com/eujine77/224301826286
51,의정부,16,데이트|방문|후기|다녀온|팝업|가볼만한곳|핫플,"의정부 아일랜드 캐슬 워터파크 1만 원대 최저가, 6.1 오전 11시|신곡동고기집 썰잡정육식당, 가격대비 고기 퀄리티가 최고입니다!|[의정부역 맛집] 미나리 삼겹살 쌈이 무한리필되는 가성비...|나만 알고 싶었던 의정부 치킨 맛집 찐 내돈내산 최진사통닭...|의정부미용실 미미드살롱 용현점 열펌 유지력이 남다른 이유",https://blog.naver.com/howareyoujins/224301709217|https://blog.naver.com/ldleeekwjd/224301825933|https://blog.naver.com/mine__mind/224301815004|https://blog.naver.com/jyejye124/224301831969|https://blog.naver.com/jungmin5268/224301672792
52,미사,15,다녀온|데이트|수도권|방문|나들이|가볼만한곳|전시|핫플,"미사출장마사지 솔직후기, 하남 위례 송파까지 야근지옥 퇴근...|[하남 고양이카페] 냥냥하우스|귀여운 고양이들과 시간보낼...|(5.31) 하남 미사경정공원 양귀비꽃밭 위치, 개화상황, 주차...|미사초밥뷔페 고메스퀘어 미사점 다녀왔는데 메뉴 구성이 정말...",https://blog.naver.com/cherryalarm90/224301816813|https://blog.naver.com/yeonii902/224301812132|https://blog.naver.com/fortoday0527/224301645609|https://blog.naver.com/okww48/224301831751|https://blog.naver.com/julia040607/224301828732
53,감성카페,14,데이트|가볼만한곳|핫플,브런치 카페 감성 가득! 에그 베네딕트와 상큼한 레몬에이드의...|[제주 동쪽 감성 카페 추천 ]김녕해수욕장 근처 카페...|압구정로데오 숨은 감성 명소! 전시도 보고 에이드도 즐긴...|[부산 영도] 감성커피 영도대교점 후기｜감성커피 신메뉴...|[이천 카페] 티하우스에덴 정원카페 방문후기(한국맞아요?...,https://blog.naver.com/pj32742/224301810376|https://blog.naver.com/harugirok21/224301798207|https://blog.naver.com/syaysa1/224301675008|https://blog.naver.com/168_eo/224301766082|https://blog.naver.com/slowaging_diary/224301713061
54,북촌,14,가볼만한곳|핫플|다녀온|나들이|전시|데이트|팝업,[북촌]가장 한국스러운 골목 북촌한옥마을|북촌·종로 요즘 핫플 창덕궁 후원 (비원) 실제 후기|페어리 선물추천 고깔 꽃다발 창덕궁 서순라길 종로3가 안국역...|블로그 만들었음|[북촌맛집]북촌 골목길 파스타집 스파다,https://blog.naver.com/myomyo2023/224301827446|https://blog.naver.com/rlqhrl25/224301667206|https://blog.naver.com/fairyflowershop/224301822941|https://blog.naver.com/one0_00103/224301821353|https://blog.naver.com/myomyo2023/224301817337
55,이대,13,가볼만한곳|데이트|나들이|핫플|방문|다녀온|팝업,"슈퍼탐사대X 히어로스쿨 1기 후기|초등학생도 완식한 신촌마라탕 맛집, 라화쿵부 신촌점 후기...|어린이대공원 냉면 맛집 광진구냉면 <함흥냉면 진진면옥>|휴일 어린이대공원 산책|보성 맛집 '갯마을횟집' 주말 웨이팅 오픈런 막회 낙지무침 후기",https://blog.naver.com/wonypap/224301832540|https://blog.naver.com/suzzangtv/224301820287|https://blog.naver.com/seo_uyu/224301829734|https://blog.naver.com/geol7/224301826653|https://blog.naver.com/hi_hello_13/224301812250
56,천호,13,수도권|데이트|가볼만한곳|서울|방문|팝업|핫플,"서울 암사공원 조형물 설치(강동 미니포크레인, 천호동...|곱창양이 푸짐한 백호곱창 천호점 천호역 맛집|[천호필라테스] 바로선필라테스 솔직후기! 내향인도 편안한...|천호 맛집 백호곱창 천호점 곱창전골이 눈에 들어왔던 곳|강동구 천호 초밥 맛집 초밥의신부타 점심세트 후기",https://blog.naver.com/kjscrom/224301830627|https://blog.naver.com/hajjin_day/224301819519|https://blog.naver.com/onlylixe/224301813848|https://blog.naver.com/wjdals1874/224301812814|https://blog.naver.com/youn-i/224301810073
57,사당,12,가볼만한곳|데이트|서울|수도권|후기|다녀온|핫플,"[사당역 맛집] 사당역 가성비 회식 맛집 와오리, 산더미...|사당•이수역 소개팅하기 딱 좋은 분위기 맛집 추천|쁠랑떼|< 서울 안심정육> 서여의도점 - 국회의사당역 한우 소고기 점심...|파주 방문 안 닫힘, 문틀에 걸릴 때 간섭 해결방법",https://blog.naver.com/gpdnjsl22/224301829626|https://blog.naver.com/meomul_dam/224301810805|https://blog.naver.com/hanseul73/224301810301|https://blog.naver.com/midamd4979/224301690974|https://blog.naver.com/hoojee1/224301831764
58,안양,12,수도권|후기|방문|핫플|나들이|가볼만한곳|팝업,"파주 방문 안 닫힘, 문틀에 걸릴 때 간섭 해결방법|안양 사무실 에어컨 청소 21대 작업 현장 사례 공개|동탄 방 천장 뚫림 봉설치로 인해 생긴 구멍 복구|평촌 인덕원 맛집 '긴자' 가족모임 점심 코스 내돈내산 솔직 후기|[안양 소파청소] 매년 하던 셀프 소파 청소 포기! 패브릭 소파 땀...",https://blog.naver.com/midamd4979/224301690974|https://blog.naver.com/arte004/224300099955|https://blog.naver.com/yujinhomefix/224301650174|https://blog.naver.com/als127wls127/224301832067|https://blog.naver.com/cherry_clean/224301832213
59,디저트카페,11,가볼만한곳|데이트|핫플,[당진 'ROAD 1950'카페] 미국 감성 폭발하는 오션뷰 대형...|[광화문] 광화문 직장인카페- 렛잇비 광화문점|전국 에스프레소 바 맛집 Top 3|[카페일상] 교대역 감성 카페 - 오르빈 교대역점|[부산 영도] 감성커피 영도대교점 후기｜감성커피 신메뉴...,https://blog.naver.com/nanjjang75/224301829633|https://blog.naver.com/beyondsunday/224301783637|https://blog.naver.com/sj_retail/224301775077|https://blog.naver.com/malgeum_log/224301775413|https://blog.naver.com/168_eo/224301766082
60,망원동,11,주말|전시|나들이|데이트|핫플|팝업,"5월도 씩씩하게|망원동 맛집 타코닷 푸짐하게 즐길 수 있는 힙한 타코집|5월 마지막날 쓰는 4월 일기|어디까지나 갈 수 있다는 그런 느낌이 들어|망원가려다 행궁동간 하루-소품샵,뽁식당,볼꾸등등",https://blog.naver.com/estherkim795/224301820978|https://blog.naver.com/ddo1993/224301813464|https://blog.naver.com/nuilliliya/224301788337|https://blog.naver.com/dy-0824/224301750327|https://blog.naver.com/en-ce-moment_000_/224301743964
61,성북,11,서울|후기|데이트|다녀온|방문|핫플,깔끔하고 시설좋은 성신여대헬스장 허바나짐 성신여대점에서...|한원 성북구맛집 중식당 수제만두 짬뽕 맛집 방문 후기|성북 성신여대 와인바 감성 아지트 와이너리 후기|[성북구 웨딩홀] 더 빅토리아 웨딩파티 하객으로 다녀온 후기|정릉역맛집 착한중국집 하오하오츠,https://blog.naver.com/sbsad5376/224301805703|https://blog.naver.com/jihyen0124/224301827026|https://blog.naver.com/loverpretty/224301824580|https://blog.naver.com/dev33/224301819418|https://blog.naver.com/90hok/224301811820
62,신촌,11,방문|데이트|후기|나들이|팝업|핫플,"2026년1월,2월|초등학생도 완식한 신촌마라탕 맛집, 라화쿵부 신촌점 후기...|다양한 메뉴로 선택 폭 넓히기 신촌명가짬뽕 평택맛집|[마포맛집/신촌맛집] 분위기 좋은 선술집 추천/퓨전요리주점...|신촌 웨이팅 맛집 등촌 칼국수 샤브샤브 양이 진짜 많아요",https://blog.naver.com/kwonsb12/224301830221|https://blog.naver.com/suzzangtv/224301820287|https://blog.naver.com/chrh1126/224301827201|https://blog.naver.com/seoklog_/224301795375|https://blog.naver.com/alljoy_nofun/224301737906
63,안국,11,데이트|핫플|나들이|가볼만한곳|전시,"안국 맛집 다반에서 정성스러운 한식으로 차분하고 기분 좋은...|페어리 선물추천 고깔 꽃다발 창덕궁 서순라길 종로3가 안국역...|2026년 태안국제원예치유박람회 무료 개방 다녀온 후기|인사동 한옥 맛집 추천 고씨네동해막국수 종로직영점 주말...|힙한 한옥에서 즐기는 완벽한 햄버거, 안국 맛집 수제버거...",https://blog.naver.com/pp791617/224301826383|https://blog.naver.com/fairyflowershop/224301822941|https://blog.naver.com/happy_love__828/224301782045|https://blog.naver.com/ehdqjd0913/224301777280|https://blog.naver.com/topbuilding/224301756538
64,익선동,11,핫플|서울|나들이|가볼만한곳,[서울/종로] 식물|카페 추천|익선동 데이트코스|한옥카페...|종로3가 빵 맛집 문화제빵 쌀치즈식빵과 양파베이글 서울 ...,https://blog.naver.com/tnwjd2854/224301825776|https://blog.naver.com/bestjunna/224299369242|https://blog.naver.com/lje413/224301748667|https://blog.naver.com/jjj1779/224301687432|https://blog.naver.com/greenish-glow/224301659468
65,혜화,11,데이트|일상|전시|핫플,"대학로 연극 후기|초등학생과 함께 본 '어서 오세요, 휴남동...|아시안테이블혜화에서 태국음식 먹고,낙산공원...|초당옥수크림라떼 미금역 카페 본디커피 미금역 본점|똥떵이와 연극",https://blog.naver.com/sms_86/224301819179|https://blog.naver.com/mareta58/224301812098|https://blog.naver.com/hyehwa2bundang/224301824293|https://blog.naver.com/khb20034/224301741111|https://blog.naver.com/ych8171/224301815458
66,뚝섬,10,데이트|핫플|가볼만한곳|나들이|팝업,"서울 뚝섬한강공원 6월 피크닉 돗자리 후기 편의점 라면 그늘막...|뚝섬역 맛집 술있는식탁 다양한 전통주와 마장동 육회가 있는 곳|한강 카약 윈드서핑 추천, 애견동반 한강물놀이 즐기기|[건대 맛집] 왕김밥 : 고물가 시대에 양과 맛으로 승부하는 김밥...|뚝섬 주말 피크닉 볼거리 '농부의 시장' 한강공원 장터 내돈내산",https://blog.naver.com/smile-min-/224301816620|https://blog.naver.com/jinlicious/224301821046|https://blog.naver.com/gl_carlife/224301803483|https://blog.naver.com/s_umnii/224292649430|https://blog.naver.com/qhoomi/224301809481
67,역삼,10,데이트|서울|다녀온|후기|핫플,"강남회식장소 끝판왕 청수횟집 역삼동 자연산 숙성회 맛집|서초 샤브샤브 추천 곱다방 역삼역 가족모임 맛집 추천|역삼GFC 맛집 퓨전한식 정희(고사리크림수제비 강추)|블로그 지수 올리는 필살기, 내 글 상위 노출 전략|공유주방, 배달 전문 매장에서 음식사진이 훨씬 더 중요한...",https://blog.naver.com/jegaryoo23/224301690108|https://blog.naver.com/dkwlsrladk/224301813334|https://blog.naver.com/rhdms0426/224301830371|https://blog.naver.com/pizza8230/224301828229|https://blog.naver.com/rawroll/224301795990
68,왕십리,10,방문|데이트|다녀온|나들이|핫플|전시,"왕십리 맛집 미나리도야지 깔끔함에 맛까지 좋았던 곳|정성 가득한 야키토리와 술 한잔하기 좋은 왕십리 술집 히노야...|왕십리역 점심 맛집 미도인 왕십리 가성비 맛집 생면파스타 추천|상왕십리역 카페, 카페라제스!! 생망고빙수 맛있어요!!|힘을내요 がんばれー！",https://blog.naver.com/kimys86360/224301823872|https://blog.naver.com/ddakong_/224301815674|https://blog.naver.com/yedool25/224301827141|https://blog.naver.com/starry_life/224301762154|https://blog.naver.com/summ2re/224301773424
69,정자,10,데이트|전시|다녀온|가볼만한곳|핫플,"아시안테이블혜화에서 태국음식 먹고,낙산공원...|[분당 맛집] 흑백요리사 식당에 다녀온 후기 - 정자역 중식당...|[내돈내산] 수원 정자동 가성면돈, 아내랑 돈까스 오픈런...|전문가의 손길로 누리는 고품격 미식 여행, 녹지 정자점 기록|정자역 맛집 고기집 녹지 직접 구워주는 2인 세트 만족",https://blog.naver.com/mareta58/224301812098|https://blog.naver.com/bonglovehome/224301761779|https://blog.naver.com/unconditional_/224301757851|https://blog.naver.com/chae0nge/224301785998|https://blog.naver.com/hyacinthcmsh/224301784038
70,상수,9,서울|데이트|다녀온|나들이|팝업|핫플,홍대맛집 홍대간장게장 홍일품 건강한 간장게장|존맛 상수역 고기집 [상고집]｜상수역 야장 가능 구워주는...|2025년 NH농협카드 연도대상★ 장려상수상 전국26등!!|[합정/상수] 데스페라도 레트로 펍|[캐시타고 대리운전] 홍대·상수 술자리 후 대리운전 안전하게...,https://blog.naver.com/goldsinger262/224301376709|https://blog.naver.com/sootory0403/224301819550|https://blog.naver.com/lovely_stellabae/224295937362|https://blog.naver.com/bae_nana_/224301757081|https://blog.naver.com/sea984/224299941133
71,청담,9,서울|수도권|데이트|전시|핫플|가볼만한곳,"압구정 스탠다드시스템|메탈 냄새 세게나는 우드톤 느좋카페...|청담동 이사 폐기물 수거 : 복잡한 현장 속에서 매트리스, 가구...|청담 맛집 브런치, 엄마와 함께 다녀온 테라스 있는 37.5...|청담 명품 편집샵 씨엘드청담에서 본 에르메스 버킨백, 켈리백...",https://blog.naver.com/oomnyaam/224300016620|https://blog.naver.com/waste119/224301601232|https://blog.naver.com/lunaeun2/224301816636|https://blog.naver.com/dudghaos/224300896674|https://blog.naver.com/toygrim/224301692414
72,과천,8,오늘|나들이|가볼만한곳|다녀온|전시|핫플,[과천서울랜드] 양주덕정 한빛태권도 초등부 체험학습 즐거운...|이것은 내가 최고의 히어로가 되기까지의 이야기다|주말 아이와 가볼만한 수도권 자연사·과학 박물관 BEST 3...|주말 아이와 함께 과천 서울대공원 동물원｜코끼리열차 탑승...|전시 관람]MMCA과천 상설전 한국근현대미술1-이인성 섹션,https://blog.naver.com/101jjh/224301832466|https://blog.naver.com/tg040121/224301815161|https://blog.naver.com/sosohappy0000/224301720654|https://blog.naver.com/happyjinu24/224301792148|https://blog.naver.com/artjaehee/224301767963
73,대학로,8,서울|데이트|핫플,"삼겹식당 배곧지식산업센터점 배곧동 맛집 후기|대학로 연극 후기|초등학생과 함께 본 '어서 오세요, 휴남동...|혜화 맛집, 서양집 혜화대학로본점 매력에 푹 빠져볼래?|대학로 공포연극 조각 후기｜혜화 데이트 코스로 추천하는...",https://blog.naver.com/hydro_gen_/224301819913|https://blog.naver.com/sms_86/224301819179|https://blog.naver.com/ych8171/224301815458|https://blog.naver.com/coadl_hi/224301810492|https://blog.naver.com/lucia-0707/224301781239
74,선릉,8,서울|주말|데이트|다녀온|팝업|가볼만한곳,"[내돈내산] 강남 쪽 돌잔치, 상견례 장소로 딱 좋아 보였던 선릉...|[압구정 맛집] 돈카츠 집 같지 않은 감성 식당 - 카츠바이콘반|선릉역 샐러드 찾다가 발견한 건강한 혼밥 맛집 비프...|[선릉역 바다밥상]생선알·새우·통우럭까지! 푸짐함 끝판왕...|선릉역 맛집 당일도축 한우뭉티기 소뭉집 선릉직영점",https://blog.naver.com/writer19/224301818486|https://blog.naver.com/shstmxhq777/224301763288|https://blog.naver.com/minicontainer365/224301824416|https://blog.naver.com/taoht/224301804842|https://blog.naver.com/happyzoe_/224301775019
75,DDP,8,가볼만한곳|팝업|전시|핫플,"2026년 5월 마지막주 수도권 전시회 일정 모음｜코엑스...|동대문 DDP 행사 포토박스 를 만들다|Jean Michael Basquiat [DDP]|아이와 가기 좋은 무료전시, 동대문디자인플라자 DDP 팝업 전시...|동대문 DDP 뮤지엄 전시 1관 찾아가는 길 및 주차정보 (ft....",https://blog.naver.com/limjuyoun/224301724146|https://blog.naver.com/koko7577/224301829922|https://blog.naver.com/lungonata/224301823643|https://blog.naver.com/djdy1616/224301801093|https://blog.naver.com/yuying502/224301745440
76,공덕,7,후기|데이트|다녀온|나들이|핫플|가볼만한곳,장소 추천 천년닭강정 마라로제닭강정 세트 공덕 맛집 솔직 후기|공덕역 맛집 모연 여의도 점심 점심특선 한우숯불양념구이...|[마포] 공덕역 닭갈비 맛집 장인닭갈비 공덕점 치즈닭갈비...|[공덕 카페] 작작 커피스탠드 :: 경의선 숲길 실패없는 데이트...|공덕역 술집 단정 블루리본 선정 와인바 추천 경의선숲길 맛집...,https://blog.naver.com/kdia2353/224301830847|https://blog.naver.com/ahineee/224301818642|https://blog.naver.com/jy0318jy/224299090773|https://blog.naver.com/thinking_2024/224301748461|https://blog.naver.com/ehyeon/224300981599
77,교대,7,방문|서울|데이트|다녀온|전시|핫플|가볼만한곳,방배동중식당 현경 교대점에서 깊은 육수 짬뽕과 인생 탕수육을...|미쉐린가이드 삼계탕 맛집(3대삼계장인)|교대역 돈까스 맛집 1등 일식 우동 소바 다양한 메뉴의 코시...|교대역 맛집 혼밥 ㅣ 홀스김밥 본점 후기|[#성남카페 #판교카페 #판교대형카페 #판교케익 #판교디저트...,https://blog.naver.com/rotten0909/224301827133|https://blog.naver.com/ps9098/224301812599|https://blog.naver.com/pupypupy/224301807204|https://blog.naver.com/hyeouni0022/224301788736|https://blog.naver.com/yhg9218/224301702146
78,수원카페,7,데이트|팝업|가볼만한곳|핫플,"정지영 커피로스터즈 코코넛라떼|[#행궁동카페 #수원카페 #화성행궁카페 #행궁동디저트카페]|[코푸페‘s LINE-UP]#SIEGA|[수원] 수원역 카페 추천, 저렴하고 맛있는 가성비 맛집 미쉐...|수원스타필드 맛집 카페 실내데이트 추천",https://blog.naver.com/jinsolcloud/224301819556|https://blog.naver.com/yhg9218/224301656647|https://blog.naver.com/kffair/224301570528|https://blog.naver.com/h_hyun_98/224301758840|https://blog.naver.com/somi1010_143/224301618428
79,신사 가로수길,7,서울|가볼만한곳|데이트|팝업|핫플,"[ 서울 /신사역] 신사역 가로수길에 근접한 속눈썹펌 샵 바이솜 강남|[창원] 가로수길, '용호타이' 아이와 함께 내돈내산 방문한...|[신사역] 신사동 술집 ‘육회담’ 후기|May’s EndNotes|놀거리 압구정 캐리마켓 신사 캐리랜드 가로수길 몬치치 팝업",https://blog.naver.com/pjjkoko02/224301814345|https://blog.naver.com/x0x0yun/224301799820|https://blog.naver.com/djfls988888/224301797609|https://blog.naver.com/wldp801/224301740009|https://blog.naver.com/khsoo1007/224301586133
80,해방촌,7,주말|데이트|나들이|전시|핫플,"[해방촌] 브런치 오파토|26.5月|May 2026.zip|해방촌 노을 맛집 타코스탠드 야외석에서먹은 소곱창타코와...|나의 해방촌 일지, 해방촌 놀거리",https://blog.naver.com/lyric097/224301831863|https://blog.naver.com/manzoni-/224301826598|https://blog.naver.com/yu_habeen/224301772350|https://blog.naver.com/ymr201801/224301764164|https://blog.naver.com/jubu1214/224301736593
81,성수카페,6,가볼만한곳|핫플,"성수빵지순례 [성수베이킹스튜디오] 바게트치아바타맛집|성수 데이트 코스 추천, 연못 뷰가 예쁜 ㅣ""ETF베이커리 성수""|성수 감성 카페 도토리오븐 내돈내산 솔직 후기|<아임도넛> 성수점 후기 (맛 추천, 웨이팅, 주차 정보)|성수 빵지순례 디저트 맛집 메이타왕 소금 에그타르트 줄서서...",https://blog.naver.com/alruddlaa/224301818635|https://blog.naver.com/kye3103/224301795991|https://blog.naver.com/eunsu_exe/224301703409|https://blog.naver.com/jenn_beauty/224301613928|https://blog.naver.com/imdressholic/224298382291
82,오션뷰카페,6,가볼만한곳|다녀온|핫플,[당진 'ROAD 1950'카페] 미국 감성 폭발하는 오션뷰 대형...|영종도 카페 얼트 시원한 구읍포구 오션뷰 추천 & 주말 주차 정보|[마산]-마창대교 뷰 맛집! 귀산 대형 베이커리카페...|포항애견동반브런치 러블랑 화진해수욕장카페 송라면카페 추천|레스트 125 l 진해에서 가장 높은 오션 시티뷰 대형 카페 추천,https://blog.naver.com/nanjjang75/224301829633|https://blog.naver.com/lugali/224301774706|https://blog.naver.com/hacci840/224301803469|https://blog.naver.com/rkgud0109/224301780151|https://blog.naver.com/hr2932/224301644675
83,녹사평,5,나들이|전시|가볼만한곳,"일상) 2026년 5월|나의 해방촌 일지, 해방촌 놀거리|좋은 디자인은 어떻게 좋은 공간이 될까? 프리츠한센 녹사평...|보광동 중동음식 케르반 레스토랑 이태원점 녹사평 데이트...|이태원동 이색음식 맛집 케르반 레스토랑 이태원점 녹사평역...",https://blog.naver.com/bad_request/224301831175|https://blog.naver.com/jubu1214/224301736593|https://blog.naver.com/fritzhansen_nsp/224301700201|https://blog.naver.com/doolgi_day17/224301744416|https://blog.naver.com/tnwls970517/224301739182
84,문래동,5,데이트|핫플,"문래동 맛집 이한스시 생선회세트 점심특선 솔직후기|맥 소바(Soba) 아이섀도우, 왜 아직도 추천될까?|문래동 맛집 기록 - 영일분식, 리버타운 버거, 능이버섯백숙...|해외 느낌 물씬 분위기 좋은 피자 파스타 맛집 BOP 비오피 문래점|::문래 맛집:: 또간집 문래골목집 골직 후기 웨이팅 주차정보...",https://blog.naver.com/woncon/224301810512|https://blog.naver.com/alskalsko/224301794150|https://blog.naver.com/namsoung7/224301783942|https://blog.naver.com/dpfladl10/224301742740|https://blog.naver.com/wlswlswlswlswls_/224301691290
85,베이커리카페,5,가볼만한곳|핫플,"주말 가볼만한곳 #베이커리카페 #포레스트아웃팅스]|서울 데이트|도토리 휘낭시에 만들기 원데이 클래스|남양주 한강뷰 카페｜낮에는 물멍, 밤에는 불멍...|[마산]-마창대교 뷰 맛집! 귀산 대형 베이커리카페...",https://blog.naver.com/yhg9218/224301734841|https://blog.naver.com/adastra_mi/224301764715|https://blog.naver.com/ninio-/224301374504|https://blog.naver.com/hacci840/224301803469|https://blog.naver.com/malgeum_log/224301775413
86,공근혜갤러리,4,전시,"자작 ""침잠의 숲"" 이만우 개인전 2026.05.26.-06.06...|자작 ""침잠의 숲"" 이만우 개인전 2026.05.26-06.06...",https://blog.naver.com/manu4jin/224301810670|https://blog.naver.com/manu4jin/224301802501|https://blog.naver.com/manu4jin/224301790355|https://blog.naver.com/manu4jin/224301785296
87,남양주카페,4,가볼만한곳|핫플,남양주 대형카페 카페인퀸스 맛있는 브런치 북한강뷰|[남양주] 테이블스 라운지|달빛여우 일상:) 주말에 드라이브 하기 좋은 북한강 뷰가 정말...|다산 망고정 방문기❤️,https://blog.naver.com/haha52494/224301826735|https://blog.naver.com/seoyoung9595/224301749239|https://blog.naver.com/moonlightfox1228/224301561315|https://blog.naver.com/kukuam/224301808533
88,도산공원,4,팝업|가볼만한곳|핫플,레이브 X 헬로키티 팝업 스토어 in 성수 둘러보기|압구정로데오 숨은 감성 명소! 전시도 보고 에이드도 즐긴...|압구정로데오브런치 - 오클랜드 파이 개러지|압구정로데오 맛집 햄버거 다운타우너 청담 메뉴 분위기 방문...,https://blog.naver.com/stculture09/224301774644|https://blog.naver.com/syaysa1/224301675008|https://blog.naver.com/unasuna/224301660303|https://blog.naver.com/daehen1954/224301576532
89,방배,4,방문|주말|팝업|핫플,"방배동중식당 현경 교대점에서 깊은 육수 짬뽕과 인생 탕수육을...|[그 시절, 우리] 손바닥에 남은 파란 점 하나, 국민학교 책걸상이...|LG전자 베스트샵 롯데 잠실점 팝업 스토어 그랜드오픈...|[서울/내방] 5가지 육수, 90가지 재료의 샤브샤브 천국! 봄담아...",https://blog.naver.com/rotten0909/224301827133|https://blog.naver.com/eorampark/224301821089|https://blog.naver.com/whdtj0222/224301715207|https://blog.naver.com/bloqold/224301724877
90,상암,4,후기|핫플|서울|가볼만한곳,강동 굽은다리역 맛집 불타는삼겹살 후기 ⭐4.0|{찐찐 상암베이커리카페 후기} 호텔에서 즐기는 감성 가득...|다이닝원 상암점 마포구맛집 프리미엄 뷔페 솔직후기|[상암DMC 맛집] 부리또킹 상암DMC점 – 직장인 점심엔 역시...,https://blog.naver.com/sian_zip/224301833171|https://blog.naver.com/daily__ella/224301831053|https://blog.naver.com/pa9595-/224301819237|https://blog.naver.com/spiderheo/224301806159
91,서울근교카페,4,가볼만한곳|핫플,의정부 대형카페 파크프리베 수락산 도봉산 뷰 맛집 뚜벅이도...|남양주 팔당 카페|강뷰 끝판왕 베이크온 ☕️|[양주 가비카페]핑크 외관 보고 들어갔다가 정원 감성에 반한 곳|[이천 카페] 티하우스에덴 정원카페 방문후기(한국맞아요?...,https://blog.naver.com/4729581/224301763943|https://blog.naver.com/adastra_mi/224301735991|https://blog.naver.com/pk50935/224301735148|https://blog.naver.com/slowaging_diary/224301713061
92,서울카페,4,서울|데이트|가볼만한곳,"압구정 스탠다드시스템|메탈 냄새 세게나는 우드톤 느좋카페...|브런치 카페 감성 가득! 에그 베네딕트와 상큼한 레몬에이드의...|성수 데이트 코스 추천, 연못 뷰가 예쁜 ㅣ""ETF베이커리 성수""|시청 데이트 코스로 좋은 로스터리 카페, 커피스니퍼 시청점",https://blog.naver.com/oomnyaam/224300016620|https://blog.naver.com/pj32742/224301810376|https://blog.naver.com/kye3103/224301795991|https://blog.naver.com/hyang__u/224301794341
93,성수팝업,4,팝업|핫플,"[pop-up] 일리고 (illigo) 성수 팝업 hs preview 핫썸머 신상...|성수 팝업 갔다가 반한 영등포 베이글 맛집 테디스베이글|[성수 팝업] 토코보(TOCOBO) 팝업스토어 다녀온 솔직 후기...|송혜교 쇼메 드레스 화제, 그 한 컷이 길게 회자된 건 옷이...",https://blog.naver.com/coolcoc93/224301794265|https://blog.naver.com/min2xux/224301613034|https://blog.naver.com/yeja_life/224301591153|https://blog.naver.com/big203040/224301487828
94,이달의전시,4,전시,"자작 ""침잠의 숲"" 이만우 개인전 2026.05.26.-06.06...|자작 ""침잠의 숲"" 이만우 개인전 2026.05.26-06.06...",https://blog.naver.com/manu4jin/224301810670|https://blog.naver.com/manu4jin/224301802501|https://blog.naver.com/manu4jin/224301790355|https://blog.naver.com/manu4jin/224301785296
95,전시 추천 공근혜갤러리,4,전시,"자작 ""침잠의 숲"" 이만우 개인전 2026.05.26.-06.06...|자작 ""침잠의 숲"" 이만우 개인전 2026.05.26-06.06...",https://blog.naver.com/manu4jin/224301810670|https://blog.naver.com/manu4jin/224301802501|https://blog.naver.com/manu4jin/224301790355|https://blog.naver.com/manu4jin/224301785296
96,조용한카페,4,데이트|핫플,[서울/용산] 용산구카페 매머드익스프레스 용산국방부점 방문...|[카페일상] 교대역 감성 카페 - 오르빈 교대역점|망포역 카페 홍라드|망포 카공카페 추천|영통 맛집 카페,https://blog.naver.com/cerulean1125/224295007774|https://blog.naver.com/malgeum_log/224301775413|https://blog.naver.com/fjeiwkfk/224301699725|https://blog.naver.com/gokarisk/224301645970
97,침잠의숲,4,전시,"자작 ""침잠의 숲"" 이만우 개인전 2026.05.26.-06.06...|자작 ""침잠의 숲"" 이만우 개인전 2026.05.26-06.06...",https://blog.naver.com/manu4jin/224301810670|https://blog.naver.com/manu4jin/224301802501|https://blog.naver.com/manu4jin/224301790355|https://blog.naver.com/manu4jin/224301785296
98,강릉카페,3,가볼만한곳|핫플,"강릉 여행 코스, 실내외 매력 비교와 실패 없는 강릉놀거리 꿀팁|강릉 빵지순례 필수 코스✨ 구움과자 맛집 임당동162 이 집...|강릉대표소금빵맛집 / 인솔트 베이커리 포장 후기",https://blog.naver.com/jja0412/224301769893|https://blog.naver.com/sohee9710/224301705736|https://blog.naver.com/baek3135/224301804920
99,경기도카페,3,나들이|가볼만한곳|핫플,[용인 떡카페] 레드브릭101|단팥죽·쌍화차에 가래떡...|[양주 가비카페]핑크 외관 보고 들어갔다가 정원 감성에 반한 곳|[이천 카페] 티하우스에덴 정원카페 방문후기(한국맞아요?...,https://blog.naver.com/yoonwany/224301760207|https://blog.naver.com/pk50935/224301735148|https://blog.naver.com/slowaging_diary/224301713061
100,국립중앙박물관,3,나들이|가볼만한곳|전시,"아이와 일주일 역사여행, 서울여행코스|국립중앙박물관 데이트 이촌역 실내 코스 무료 반나절 총정리|호랑이와 용이 마주한 순간, 조선 사람들의 꿈이 살아나다...",https://blog.naver.com/aj1595/224301797429|https://blog.naver.com/happywife86/224301795037|https://blog.naver.com/junhopp/224301684674