rank,term,count,seed_queries,sample_titles,sample_links
1,내돈내산,49,가볼만한곳|나들이|데이트|일상|팝업|핫플|후기,뮤지컬 서편제 후기 / 광림아트센터 BBCH홀 2층 X열 25번 시야... | # 당산역 맛집 추천｜부엉이산장에서 오나리찜과 육전 먹고 온... | 청주카페/학천탕,https://blog.naver.com/warning-/224301815830 | https://blog.naver.com/dowell2928/224277655404 | https://blog.naver.com/dmstjs5656/224301826128
2,주말나들이,49,가볼만한곳|데이트|핫플,"슈퍼탐사대X 히어로스쿨 1기 후기 | 장미가 이렇게 예쁜 줄 몰랐어요! 전국 장미축제 모아봤어요 | 대학로 연극 후기 | 초등학생과 함께 본 '어서 오세요, 휴남동...",https://blog.naver.com/wonypap/224301832540 | https://blog.naver.com/eunhee_0217/224301822700 | https://blog.naver.com/sms_86/224301819179
3,서이추환영,29,가볼만한곳|데이트|일상|핫플,"의정부 아일랜드 캐슬 워터파크 1만 원대 최저가, 6.1 오전 11시 | ⛰️ 대모산 1시간 컷 가족 등산! (ft. 정상 막걸리 파티... | [내돈내산]씽크웨이 무선 마우스 포타 제로그래비티 곰돌찡...",https://blog.naver.com/howareyoujins/224301709217 | https://blog.naver.com/rkdwltn901/224301815145 | https://blog.naver.com/ksy5302/224301829249
4,서이추,28,가볼만한곳|데이트|일상|핫플,《옥소반》 마곡 맛집 모임/마곡 샤브샤브 맛집! | 뮤지컬 서편제 후기 / 광림아트센터 BBCH홀 2층 X열 25번 시야... | [내돈내산]씽크웨이 무선 마우스 포타 제로그래비티 곰돌찡...,https://blog.naver.com/ae961207/224301832225 | https://blog.naver.com/warning-/224301815830 | https://blog.naver.com/ksy5302/224301829249
5,국내여행,25,가볼만한곳|나들이|데이트|핫플,"의정부 아일랜드 캐슬 워터파크 1만 원대 최저가, 6.1 오전 11시 | 세계 우유의 날(6월 1일), 우유 만나러 떠나는 전국 목장... | 당진 또봄면천 축제 6월 13~14일, 성곽길 달리기부터 카더가든...",https://blog.naver.com/howareyoujins/224301709217 | https://blog.naver.com/captain_limnim/224301740338 | https://blog.naver.com/journalism/224301767792
6,나이트,25,나들이,오늘을 즐기세요. 강북 수유๋่ 샴푸๋่ 나이트๋่... | 오늘을 즐기세요 수원 찬스 돔ة่๊ 나이트ى่๊...,https://blog.naver.com/hftsea/224301831753 | https://blog.naver.com/hftsea/224301831506 | https://blog.naver.com/hftsea/224301831552
7,맛집추천,24,가볼만한곳|나들이|데이트|일상|핫플,"《옥소반》 마곡 맛집 모임/마곡 샤브샤브 맛집! | 백종원 3대천왕에 나온 노원 돈까스 맛집! 상계역 돈까스 먹는... | 대구 동성로 삼겹살 맛집 “참한집 종로점”, 돼지껍데기까지...",https://blog.naver.com/ae961207/224301832225 | https://blog.naver.com/owls-table/224301828766 | https://blog.naver.com/yaejin29/224301830342
8,먹스타그램,22,가볼만한곳|나들이|핫플,# 당산역 맛집 추천｜부엉이산장에서 오나리찜과 육전 먹고 온... | [충북 영동 맛집] 3대 60년 전통의 깊은 맛! 황간역 안성식당... | [김천 맛집] 매콤하고 아삭한 콩나물의 환상 조합! '대구왕뽈찜...,https://blog.naver.com/dowell2928/224277655404 | https://blog.naver.com/chuchu_love_/224301831604 | https://blog.naver.com/jini3656/224301827851
9,아이와 가볼만한곳,22,가볼만한곳,"슈퍼탐사대X 히어로스쿨 1기 후기 | 장미가 이렇게 예쁜 줄 몰랐어요! 전국 장미축제 모아봤어요 | 세계 우유의 날(6월 1일), 우유 만나러 떠나는 전국 목장...",https://blog.naver.com/wonypap/224301832540 | https://blog.naver.com/eunhee_0217/224301822700 | https://blog.naver.com/captain_limnim/224301740338
10,카페추천,22,가볼만한곳|핫플,[마산]-마창대교 뷰 맛집! 귀산 대형 베이커리카페... | [제주 동쪽 감성 카페 추천 ]김녕해수욕장 근처 카페... | 압구정로데오 숨은 감성 명소! 전시도 보고 에이드도 즐긴...,https://blog.naver.com/hacci840/224301803469 | https://blog.naver.com/harugirok21/224301798207 | https://blog.naver.com/syaysa1/224301675008
11,국내여행추천,21,가볼만한곳|핫플,"장미가 이렇게 예쁜 줄 몰랐어요! 전국 장미축제 모아봤어요 | 경쟁률 보고 깜짝 놀랐습니다! 올해 가장 핫한 자연휴양림 정식... | [강진 가볼만한곳 ] 초여름의 싱그러운 낭만, 제3회...",https://blog.naver.com/eunhee_0217/224301822700 | https://blog.naver.com/awesome0254/224300412773 | https://blog.naver.com/dee7781/224301626185
12,카페투어,21,가볼만한곳|나들이|데이트|핫플,"정지영 커피로스터즈 코코넛라떼 | 통영 카페 추천, 바다 풍경이 머무는 감성 여행 코스 가이드 | 브런치 카페 감성 가득! 에그 베네딕트와 상큼한 레몬에이드의...",https://blog.naver.com/jinsolcloud/224301819556 | https://blog.naver.com/2sunshines/224300967639 | https://blog.naver.com/pj32742/224301810376
13,경기,20,나들이|방문|서울|수도권,우지원 딸 우서윤 미스코리아 본선 진출 나이 직업 프로필 | 김포 고촌 양우내안애 이사청소 | 주방부터 피톤치드까지... | 건물 상가 입구 파손된 바닥 대리석 교체,https://blog.naver.com/toygrim/224301824577 | https://blog.naver.com/clean-up119/224301823142 | https://blog.naver.com/ourhome911/224301821400
14,니다,20,가볼만한곳|다녀온|데이트|방문|수도권|오늘|일상|전시|팝업|후기,"광주 위파크일곡공원 입주청소 공동구매 안내, 신축아파트 분진... | 삼척 2026웨딩박람회 유용한 팁 | 인천애견동반 모모카라반에서 시원한 하루 보내기",https://blog.naver.com/gohometotal/224301823138 | https://blog.naver.com/qnjui934471_gv/224301635733 | https://blog.naver.com/alwjd520/224301717801
15,맛집,20,가볼만한곳|다녀온|데이트|핫플,"천안 당일치기 여행 후기 | 맛집 <초량생갈비>, 무쇠솥뚜껑에 구워주는 돼지갈비 데이트 | #포항 일본인 사장님이 운영하는 숨은 맛집, 카페 <애니시>",https://blog.naver.com/gg_diary_01/224301821554 | https://blog.naver.com/daytraveller/224301828190 | https://blog.naver.com/archive_olivia/224301769964
16,부산여행,20,가볼만한곳|데이트|핫플,"부산 여행코스 추천｜30분 만에 완성하는 레진반지... | [송도요트투어] 아이랑 가기 좋은 부산 요트 투어 1등... | 27. 부산역 카페 브라운핸즈 백제: 메뉴, 분위기, 주차 및 이용...",https://blog.naver.com/dear_us-/224301828460 | https://blog.naver.com/inno4679/224301786937 | https://blog.naver.com/sophicare/224301743938
17,서울 가볼만한곳,20,가볼만한곳,"[캣츠 앤 독스] 하늘에서 본 지구 얀 아르튀스 베르트랑... | 서울 가볼만한 곳 | 중랑천 광진 장미정원, 장미축제 다녀온 후기 | 2026 서울숲 가든페스티벌 사전예매 공연 후기 및 주변...",https://blog.naver.com/pink_psycho/224301827570 | https://blog.naver.com/jeeinkm/224301825908 | https://blog.naver.com/bi-yam/224301822845
18,대구 핫플,18,핫플,"대구 동성로 삼겹살 맛집 “참한집 종로점”, 돼지껍데기까지... | 대구 빙수맛집 동성로카페 바닐라크럼브 양쯔깐루빙수... | 대구 달성군 카페 커피명가 구지점 I 낙동강 뷰 단호박케이크...",https://blog.naver.com/yaejin29/224301830342 | https://blog.naver.com/whtnrud19/224301828285 | https://blog.naver.com/moleveve/224301825678
19,부산 가볼만한곳,18,가볼만한곳,[6월 부산 근교 여행] 보랏빛 오션뷰 + 차박 + 기장 미식까지... | 부산 여행코스 추천｜30분 만에 완성하는 레진반지... | [송도요트투어] 아이랑 가기 좋은 부산 요트 투어 1등...,https://blog.naver.com/information-store/224301780618 | https://blog.naver.com/dear_us-/224301828460 | https://blog.naver.com/inno4679/224301786937
20,데이트,17,가볼만한곳|데이트|핫플,"[서울이스케이프룸] 방탈출 '404호 살인사건' 탈출 성공 후기 | 영종도 짱구네 찐후기! 꿈틀꿈틀 산낙지 전골에 심쿵당한 날... | 고양대형카페 추천, 주차 편하고 분위기 좋은 덕양구 능곡카페...",https://blog.naver.com/dun02105/224301832366 | https://blog.naver.com/bitnadoda/224301813278 | https://blog.naver.com/meogsta/224301748964
21,데일리룩,17,나들이|데이트|핫플|후기,나이키 파크 스우시 맨투맨 CW6902-010 직접 써본 솔직 사용기 | 로엠 하트넥 롱 원피스 RMOWF38RT5 가격 대비 만족도 | 로엠 트위드 자켓 RMJKF4TS51 가격 대비 만족도,https://blog.naver.com/pronto46/224301827227 | https://blog.naver.com/answngks562/224301830350 | https://blog.naver.com/ghkdthwjd53253/224301829882
22,힐링여행,17,가볼만한곳|데이트|핫플,"경쟁률 보고 깜짝 놀랐습니다! 올해 가장 핫한 자연휴양림 정식... | 대한다원의 진짜 매력은 화려함이 아닙니다. 잠시 멈춰서... | 아이와 가볼 만한 곳 , 홍릉숲 산책 꿀팁 총정리",https://blog.naver.com/awesome0254/224300412773 | https://blog.naver.com/daffodil2023/224301787914 | https://blog.naver.com/sean0078/224297691834
23,가족나들이,16,가볼만한곳|핫플,슈퍼탐사대X 히어로스쿨 1기 후기 | 2026 자라섬 꽃페스타 다녀온 솔직후기 북한강 따라 걷는 꽃길... | 2026 아산 외암마을 야행 축제 완벽 가이드셔틀 주차장...,https://blog.naver.com/wonypap/224301832540 | https://blog.naver.com/heunggeuli/224301756454 | https://blog.naver.com/tech_log-/224301805700
24,내돈내산맛집,16,가볼만한곳|데이트|핫플,광명 데이트 하기 좋은 곳 명륜진사갈비 광명사거리점... | 영종도 짱구네 찐후기! 꿈틀꿈틀 산낙지 전골에 심쿵당한 날... | 평택송탄 맛집'순이네 송탄본점' 내돈내산 삼겹살맛집추천,https://blog.naver.com/gongbuyou/224301826352 | https://blog.naver.com/bitnadoda/224301813278 | https://blog.naver.com/jiyoung_s2_/224301821969
25,부산 핫플,16,핫플,"""15년 만에 첫 삽 떴다더니 또 멈췄다고?!"" 영화의 전당 앞... | 부산 부전 서면 닭발 맛집 :: 불향 가득한 신이내린 닭발... | [부산 영도] 감성커피 영도대교점 후기｜감성커피 신메뉴...",https://blog.naver.com/kjy061224/224295124906 | https://blog.naver.com/kkongchichi/224301779387 | https://blog.naver.com/168_eo/224301766082
26,부산맛집,15,가볼만한곳|데이트|핫플,[부산 서면] 매콤한 쭈꾸미가 땡길땐 홍스쭈꾸미 서면점! | 켄트호텔이 말아주는 26년 광안리 어방축제 정보 | 부산 동래에 일본 감성 느끼기 좋은 일본식 돈까스맛집_원카츠,https://blog.naver.com/singbbu/224301827645 | https://blog.naver.com/kenthotel_busan/224301826364 | https://blog.naver.com/shmj1028/224301810001
27,서울데이트,15,가볼만한곳|핫플,"서울 가볼만한 곳 | 중랑천 광진 장미정원, 장미축제 다녀온 후기 | IFC몰 근처 여의도 양갈비 맛집 관호 여의도본점 | 서울 데이트코스 추천 | 윤숲후르츠산도점부터 청계천 책읽는...",https://blog.naver.com/jeeinkm/224301825908 | https://blog.naver.com/yeseonm/224301812944 | https://blog.naver.com/teen9104/224301803554
28,속초 가볼만한곳,15,가볼만한곳,"속초여행 중 들른 점심 맛집, 치즈까스& 함박돈까스에 냉모밀... | [효레의식당 속초점] 속초 엑스포 맛집, 필리핀식 바베큐로... | 이것도 절약 아닐까? 설악산에서 보낸 알찬 하루",https://blog.naver.com/jaeeun2784/224301822105 | https://blog.naver.com/yhrpczxyovq/224301753365 | https://blog.naver.com/sunnycloud2/224301774520
29,제주여행,15,가볼만한곳|핫플,제주 서귀포 치유의숲 입니다 | 제주도 제주 카멜리아힐 가족여행 데이트 코스 | 제주 체험농장제이샘_제주애플망고빙수 만들기,https://blog.naver.com/ikje1225/224301811952 | https://blog.naver.com/healyou_/224301785895 | https://blog.naver.com/jm8714/224301697689
30,감성카페,14,가볼만한곳|데이트|핫플,브런치 카페 감성 가득! 에그 베네딕트와 상큼한 레몬에이드의... | [제주 동쪽 감성 카페 추천 ]김녕해수욕장 근처 카페... | 압구정로데오 숨은 감성 명소! 전시도 보고 에이드도 즐긴...,https://blog.naver.com/pj32742/224301810376 | https://blog.naver.com/harugirok21/224301798207 | https://blog.naver.com/syaysa1/224301675008
31,강릉 가볼만한곳,14,가볼만한곳,"강릉 여행 코스, 실내외 매력 비교와 실패 없는 강릉놀거리 꿀팁 | 강릉감자닭강정 중앙시장 포장 후기 강릉맛집 추천 | 강릉 가족 여행 야끼니꾸 테짱 강릉 유메모리 대관령 맛집",https://blog.naver.com/jja0412/224301769893 | https://blog.naver.com/editorc/224301823035 | https://blog.naver.com/kikitravellife/224301770363
32,데이트 룩,14,데이트,로엠 하트넥 롱 원피스 RMOWF38RT5 가격 대비 만족도 | 로엠 트위드 자켓 RMJKF4TS51 가격 대비 만족도 | 슬림 골지 언발 오프숄더 니트 nt5191 가격 사용기,https://blog.naver.com/answngks562/224301830350 | https://blog.naver.com/ghkdthwjd53253/224301829882 | https://blog.naver.com/dppled51577/224301781403
33,성수 핫플,14,핫플,뚝섬역 맛집 술있는식탁 다양한 전통주와 마장동 육회가 있는 곳 | 한국에 이 차가 있다고? 차덕후들 난리 난 성수동 S팩토리... | 성수동 중식 성수역 밥집 전자방｜NCT 해찬도 즐겨먹는 성수동...,https://blog.naver.com/jinlicious/224301821046 | https://blog.naver.com/lawyer-rider/224301768235 | https://blog.naver.com/kimnakji/224301679006
34,일상블로그,14,가볼만한곳|데이트|팝업|핫플,"♂️ 남편 머리 펌 해준 날, 소소한 일상 기록 | 장원영 두쫀쿠 대란! 2시간 오픈런의 추억과 팔레트 디저트... | 청주 망고빙수 맛집 추천, 카페 다올 다녀온 후기",https://blog.naver.com/csr2326/224301812444 | https://blog.naver.com/mingdi_couple/224301833078 | https://blog.naver.com/ssunpa/224301799416
35,강원도여행,13,가볼만한곳|핫플,강원도 속초 여행 | 카시아 속초 호텔 앤 리조트 | 동해 바다 여행 | 아기랑 가기 좋은곳 강원도 양양 트리플 리조트 | 동해 현지인도 반한 무릉별유천지 알파인코스터 체험기,https://blog.naver.com/kmj00312/224301813538 | https://blog.naver.com/sat504054/224301783918 | https://blog.naver.com/pinkjuma/224301785074
36,광주 핫플,13,핫플,"전대술집 한신포차 광주용봉점 역시 근본 닭발맛집 | [52번째 맛집 탐방] 광주 용봉동 맛쓰리, 어르신 부부의 정성과... | 광주 용봉동 전철우사거리 맛집 [ 황금회포차 광주용봉점 ]",https://blog.naver.com/cherishj_7/224301744159 | https://blog.naver.com/crazymet2/224301805962 | https://blog.naver.com/464tpwls/224301775936
37,주말 나들이,13,가볼만한곳|나들이,"8살 아들과 함께한 등산,산보다 아들이 더 높았다 | 접이식 자전거, 티티카카 V10 HD의 놀라운 반전! | 주말에 가족과 뭐하지? 북한산 승가사 가족등산 후기...",https://blog.naver.com/isdn7799/224301832589 | https://blog.naver.com/lkycy47/224301828865 | https://blog.naver.com/miracle_moneybags/224301806360
38,커피맛집,13,가볼만한곳|데이트|서울|일상|핫플,"압구정 스탠다드시스템 | 메탈 냄새 세게나는 우드톤 느좋카페... | 초당옥수크림라떼 미금역 카페 본디커피 미금역 본점 | 청주 망고빙수 맛집 추천, 카페 다올 다녀온 후기",https://blog.naver.com/oomnyaam/224300016620 | https://blog.naver.com/hyehwa2bundang/224301824293 | https://blog.naver.com/ssunpa/224301799416
39,가족여행,12,가볼만한곳|데이트|전시,"의정부 아일랜드 캐슬 워터파크 1만 원대 최저가, 6.1 오전 11시 | 세계 우유의 날(6월 1일), 우유 만나러 떠나는 전국 목장... | 아산 외암마을 야행, 인기이유후기",https://blog.naver.com/howareyoujins/224301709217 | https://blog.naver.com/captain_limnim/224301740338 | https://blog.naver.com/kkangpaetokkieeee/224301784210
40,맛집블로그,12,가볼만한곳|데이트|핫플,# 당산역 맛집 추천｜부엉이산장에서 오나리찜과 육전 먹고 온... | 브런치 카페 감성 가득! 에그 베네딕트와 상큼한 레몬에이드의... | 평택송탄 맛집'순이네 송탄본점' 내돈내산 삼겹살맛집추천,https://blog.naver.com/dowell2928/224277655404 | https://blog.naver.com/pj32742/224301810376 | https://blog.naver.com/jiyoung_s2_/224301821969
41,부산맛집추천,12,가볼만한곳|데이트|핫플,"해운대맛집 찾는다면? 바다 보며 즐기는 시원한 한 끼, 해운대... | [부산 서면] 매콤한 쭈꾸미가 땡길땐 홍스쭈꾸미 서면점! | 동래 중국집 [도야짬뽕] 솔직후기! 짜장면부터 짬뽕...",https://blog.naver.com/mujjida1/224301814591 | https://blog.naver.com/singbbu/224301827645 | https://blog.naver.com/cherry_bobo/224301769269
42,샴푸,12,나들이,오늘을 즐기세요. 강북 수유๋่ 샴푸๋่ 나이트๋่...,https://blog.naver.com/hftsea/224301831753 | https://blog.naver.com/hftsea/224301831506 | https://blog.naver.com/hftsea/224301831552
43,서울 핫플,12,핫플,[카페 리뷰/렉터스 라운지] 홍대 북카페에서 찾은 나만의... | 서울이 레모네이드로 물든다! 에스파 초대형 팝업스토어 오픈 | 헤일리 비버 서울 방문 화제…조선팰리스 망고빙수·편의점...,https://blog.naver.com/minddddd/224301734927 | https://blog.naver.com/yunh0261/224301571743 | https://blog.naver.com/celebnews/224301771378
44,성수데이트,12,가볼만한곳|핫플,"성수빵지순례 [성수베이킹스튜디오] 바게트치아바타맛집 | 뚝섬역 맛집 술있는식탁 다양한 전통주와 마장동 육회가 있는 곳 | 성수 데이트 코스 추천, 연못 뷰가 예쁜 ㅣ""ETF베이커리 성수""",https://blog.naver.com/alruddlaa/224301818635 | https://blog.naver.com/jinlicious/224301821046 | https://blog.naver.com/kye3103/224301795991
45,할인,12,나들이|데이트|방문|전시|주말|후기,비발디파크 그룹 강습 1대3 이상 안전 교육 33% 할인 | 2026 티웨이 항공 특가 예매방법 일본 도쿄 오사카 다낭 싸게... | 자일렉 스텐 마늘다지기 실제 사용 후기,https://blog.naver.com/wllis5064/224301822179 | https://blog.naver.com/inbi1091/224301822693 | https://blog.naver.com/lustrous66850/224301830401
46,대전 가볼만한곳,11,가볼만한곳,대전 성심당 근처 맛집 로운 샤브샤브 NC중앙로점 봄메뉴 추천 | 한화이글스 티켓 구하기 어렵다면? 야구장 밖 응원 명소 총정리... | 대전 대청호 장미축제 가볼 만할까? 주차·개화현황·포토존 총정리,https://blog.naver.com/heomihwa17/224301825484 | https://blog.naver.com/kokkok365/224301831732 | https://blog.naver.com/sldighd1863/224301792243
47,디저트카페,11,가볼만한곳|데이트|핫플,[당진 'ROAD 1950'카페] 미국 감성 폭발하는 오션뷰 대형... | [광화문] 광화문 직장인카페- 렛잇비 광화문점 | 전국 에스프레소 바 맛집 Top 3,https://blog.naver.com/nanjjang75/224301829633 | https://blog.naver.com/beyondsunday/224301783637 | https://blog.naver.com/sj_retail/224301775077
48,부산데이트,11,가볼만한곳|핫플,[송도요트투어] 아이랑 가기 좋은 부산 요트 투어 1등... | 동래 중국집 [도야짬뽕] 솔직후기! 짜장면부터 짬뽕... | 부산 나나 투니크 콜라보 카페 부산 오픈! MD부터...,https://blog.naver.com/inno4679/224301786937 | https://blog.naver.com/cherry_bobo/224301769269 | https://blog.naver.com/hi_youm/224301789404
49,성수동 핫플,11,핫플,"성수동 핫플 투어, 바닐라코 성수 플래그십 스토어 주말 방문기 | 성수동 중식 성수역 밥집 전자방｜NCT 해찬도 즐겨먹는 성수동... | 성수동 렌즈 매장 추천! 오렌즈 성수역점, 연무장길에서 넓은...",https://blog.naver.com/oldinna/224301725442 | https://blog.naver.com/kimnakji/224301679006 | https://blog.naver.com/lenstv/224301615814
50,수원 핫플,11,핫플,"수원 아동복 창고형 할인매장 다녀온 후기, 가격 진짜 미쳤어요 | 광교 법조타운 맛집, 야끼토리잔잔 광교점 후기! | [수원 행궁동 맛집] 백스트리트 피자 | 행궁동 데이트 코스...",https://blog.naver.com/simsuck121/224301745755 | https://blog.naver.com/smile085/224301833775 | https://blog.naver.com/shindenggu/224301694058
51,제주 핫플,11,핫플,"제주 체험농장제이샘_제주애플망고빙수 만들기 | 청보리가 익어가는 계절, 제주 | [제주] 왜 저는 부산보다 제주 이재모가 맛있는것같죠…?? | 제주...",https://blog.naver.com/jm8714/224301697689 | https://blog.naver.com/everyjeju-official/224301693786 | https://blog.naver.com/precure0619/224301688901
52,주말데이트,11,가볼만한곳|핫플,"한강 카약 윈드서핑 추천, 애견동반 한강물놀이 즐기기 | 뚝섬 주말 피크닉 볼거리 '농부의 시장' 한강공원 장터 내돈내산 | 수원꽃축제 일월수목원 제라늄 꽃명소 주차정보",https://blog.naver.com/gl_carlife/224301803483 | https://blog.naver.com/qhoomi/224301809481 | https://blog.naver.com/bravo0418/224301770491
53,가성비,10,나들이|데이트|팝업|핫플|후기,뚝섬역 맛집 술있는식탁 다양한 전통주와 마장동 육회가 있는 곳 | 메이튼 타이어 공기압 주입기 직접 써본 솔직 사용기 | 아빠비누 동백 샴푸바 100g 2개 직접 써본 솔직 사용기,https://blog.naver.com/jinlicious/224301821046 | https://blog.naver.com/ferricynide6946/224301830613 | https://blog.naver.com/blckmoors72092/224301831657
54,강릉여행,10,가볼만한곳|핫플,"강릉 여행 코스, 실내외 매력 비교와 실패 없는 강릉놀거리 꿀팁 | 강릉감자닭강정 중앙시장 포장 후기 강릉맛집 추천 | 강릉 이모네생선찜 예약 전쟁 끝에 다녀온 솔직 후기",https://blog.naver.com/jja0412/224301769893 | https://blog.naver.com/editorc/224301823035 | https://blog.naver.com/ddhhn/224301764025
55,대전 핫플,10,핫플,"｜봉명동 대전 핫플 , 대전 혼술바 '잔소리 봉명점' | 대전맛집 쌍둥이수육국밥 월평선사점의 푸짐했던 식사후기 | 선화동 태국음식 맛집 잇마이타이, 현지 느낌 가득한 신상 맛집",https://blog.naver.com/shrimpssong/224301819009 | https://blog.naver.com/narara20000/224301704324 | https://blog.naver.com/lsy949494/224301690205
56,맛집투어,10,가볼만한곳|핫플,덕수궁 돌담길 산책 후 광화문 맛집 햄버거 찾는다면?... | [김천 맛집] 매콤하고 아삭한 콩나물의 환상 조합! '대구왕뽈찜... | [인천 부평] 비 오는 날 생각나서 다녀온 부평 소머리국밥 맛집...,https://blog.naver.com/jinlogue/224301814082 | https://blog.naver.com/jini3656/224301827851 | https://blog.naver.com/uhagodqhr94/224301819658
57,습니다,10,가볼만한곳|나들이|다녀온|수도권|일상|핫플|후기,"경기 매장묘, 가격 위치 한번에 비교 | 6.3 성남시 본투표소 위치 찾기｜2026 지방선거 분당구... | [예콩맛집]서산 대산 회식 장소 추천/막창도둑 내돈내산 솔직...",https://blog.naver.com/rudrlcnahrhddnjs/224301795777 | https://blog.naver.com/hyorim7607/224301697430 | https://blog.naver.com/qlsdl0928/224301815371
58,어요,10,가볼만한곳|다녀온|데이트|주말|팝업|핫플|후기,"전주진북동맛집 박웅의 국가대표 짬뽕 전주점~~!! | 강남 데이트 카페 추천 _ 까눌라와 커피가 맛있는 아야커피 | 대마도 여행 노바호 탑승 후기, 대마도 배편 1층 2층 뭐가 다를까",https://blog.naver.com/dhanfp/224301817818 | https://blog.naver.com/wngml04235/224301792036 | https://blog.naver.com/jsk6668/224301784978
59,오늘을 즐기세요 강북 수유,10,나들이,오늘을 즐기세요. 강북 수유๋่ 샴푸๋่ 나이트๋่...,https://blog.naver.com/hftsea/224301831753 | https://blog.naver.com/hftsea/224301831506 | https://blog.naver.com/hftsea/224301831552
60,오늘을 즐기세요 수원 찬스 돔,10,나들이,오늘을 즐기세요 수원 찬스 돔ة่๊ 나이트ى่๊...,https://blog.naver.com/dlpbird/224301826766 | https://blog.naver.com/dlpbird/224301826835 | https://blog.naver.com/dlpbird/224301826570
61,카페,10,가볼만한곳|데이트|오늘|핫플,"2026 05 TO DO LIST 건강하게 싶다리스트 이루는 한 달... | 오늘 의 산책, 보통리 저수지 | 미사역카페 추천, 직접 만든 아이스크림이 들어간...",https://blog.naver.com/mirae428/224301825198 | https://blog.naver.com/mymei66/224301830270 | https://blog.naver.com/fjsejs911/224301785511
62,해운대 핫플,10,핫플,"[반전 트렌드] ""부산에 외국인이 왜 이렇게 많지?""… 데이터로... | 해운대맛집 다다닥N짜오미솥뚜껑닭볶음탕에서 즐긴 특별한... | [부산/해운대맛집] 싱싱한 자연산 해산물이 3차에 걸쳐 나오는...",https://blog.naver.com/mikiinfo/224301824213 | https://blog.naver.com/epsl1739/224301741546 | https://blog.naver.com/caren1029/224301692566
63,해운대맛집,10,가볼만한곳|나들이|핫플,"해운대맛집 찾는다면? 바다 보며 즐기는 시원한 한 끼, 해운대... | 해운대맛집 다다닥N짜오미솥뚜껑닭볶음탕, 가족외식으로... | 해운대 좌동 이자카야 세츠나 연어삼합세트 솔직후기",https://blog.naver.com/mujjida1/224301814591 | https://blog.naver.com/gpwls1739/224301750015 | https://blog.naver.com/edge2_/224301717220
64,가족외식,9,가볼만한곳|나들이|데이트|핫플,"문래동 맛집 이한스시 생선회세트 점심특선 솔직후기 | 안산 고잔동 맛집 달큰한 묵은지와 고기 듬뿍, 초부리김치찌개... | 누룩골 계양점",https://blog.naver.com/woncon/224301810512 | https://blog.naver.com/imhappy1018/224301828066 | https://blog.naver.com/hello_memory_/224301754903
65,대구데이트,9,가볼만한곳|핫플,"대구 동성로 삼겹살 맛집 “참한집 종로점”, 돼지껍데기까지... | 대구 빙수맛집 동성로카페 바닐라크럼브 양쯔깐루빙수... | 대구연극 <타임> 6월2일(화) 공연취소",https://blog.naver.com/yaejin29/224301830342 | https://blog.naver.com/whtnrud19/224301828285 | https://blog.naver.com/artplustheater/224301819039
66,대전여행,9,가볼만한곳|데이트|핫플,대전 성심당 근처 맛집 로운 샤브샤브 NC중앙로점 봄메뉴 추천 | 대전 대청호 장미축제 가볼 만할까? 주차·개화현황·포토존 총정리 | 성심당 필수코스 테라스키친 망고빙수 후기 / 임산부 할인,https://blog.naver.com/heomihwa17/224301825484 | https://blog.naver.com/sldighd1863/224301792243 | https://blog.naver.com/ddd_log/224301823116
67,서울맛집,9,데이트|일상|핫플,《옥소반》 마곡 맛집 모임/마곡 샤브샤브 맛집! | 백종원 3대천왕에 나온 노원 돈까스 맛집! 상계역 돈까스 먹는... | 영등포 술집 추천 | 이유없는한잔 퓨전 요리주점에서 데이트...,https://blog.naver.com/ae961207/224301832225 | https://blog.naver.com/owls-table/224301828766 | https://blog.naver.com/dugodwhdk12/224301826015
68,솔직후기,9,가볼만한곳|나들이|데이트|핫플,영종도 짱구네 찐후기! 꿈틀꿈틀 산낙지 전골에 심쿵당한 날... | [송탄] 부대찌개 먹으러 1시간 달려 송탄 다녀온 사람의 최네집... | 누룩골 계양점,https://blog.naver.com/bitnadoda/224301813278 | https://blog.naver.com/kde980827/224301775983 | https://blog.naver.com/hello_memory_/224301754903
69,오피스룩,9,나들이|데이트,로엠 트위드 자켓 RMJKF4TS51 가격 대비 만족도 | 이레 여름 린넨 자켓 실착용한 솔직 후기 | 로엠 매칭카라 트위드 미니원피스 RMOWF11S12 직접 써본 후기,https://blog.naver.com/ghkdthwjd53253/224301829882 | https://blog.naver.com/tricolour210/224301760151 | https://blog.naver.com/gjdnqls10622/224301754145
70,원주맛집,9,가볼만한곳|데이트|핫플,아찔한 출렁다리와 섬강의 청량함: 원주 소금산 그랜드밸리... | 원주혁신도시맛집 쿠우쿠우 반곡동 초밥뷔페 | 원주맛집에서 만난 특별한 닭요리의 매력과 중식의 신세계,https://blog.naver.com/information-store/224301760971 | https://blog.naver.com/hunny8285/224301814643 | https://blog.naver.com/escort11811/224301823329
71,이색데이트,9,가볼만한곳|핫플,"이스케이프 시티 그녀를 찾아서 후기 성신여대 방탈출 | 아산 외암마을 야행, 인기이유후기 | 광주 꿈브루어리 전통주 양조장 시음후기",https://blog.naver.com/100proreview/224301803963 | https://blog.naver.com/kkangpaetokkieeee/224301784210 | https://blog.naver.com/alswl6318/224301789721
72,전시,9,전시,[국민의힘 백경현 구리시장 후보]시민에게 드리는 일곱번째 편지 | Joan Miro [Thaddaeus Ropac] | Jean Michael Basquiat [DDP],https://blog.naver.com/2580press/224301809132 | https://blog.naver.com/lungonata/224301827659 | https://blog.naver.com/lungonata/224301823643
73,지역에서 샴푸,9,나들이,오늘을 즐기세요. 강북 수유๋่ 샴푸๋่ 나이트๋่...,https://blog.naver.com/hftsea/224301831753 | https://blog.naver.com/hftsea/224301831506 | https://blog.naver.com/hftsea/224301831552
74,패션,9,나들이|데이트|후기,스터드 로고 오버핏 볼캡 실제 써본 솔직 사용기 | 슬림 골지 언발 오프숄더 니트 nt5191 가격 사용기 | 이레 여름 린넨 자켓 실착용한 솔직 후기,https://blog.naver.com/ghkdthwjd53253/224301826671 | https://blog.naver.com/dppled51577/224301781403 | https://blog.naver.com/tricolour210/224301760151
75,5월,8,나들이|방문|주말|팝업,"5월ෆ | ""삼성전자만 몇 달째야?"" ... 주식 안사고 현금화하는 은행 | 5월",https://blog.naver.com/danyim_/224301819841 | https://blog.naver.com/kspencer/224301780181 | https://blog.naver.com/ounax/224301815013
76,가성비맛집,8,나들이|일상|핫플,"백종원 3대천왕에 나온 노원 돈까스 맛집! 상계역 돈까스 먹는... | 뚝섬역 맛집 술있는식탁 다양한 전통주와 마장동 육회가 있는 곳 | 산골짜기다람쥐 다녀왔어요, 솔직한 맛 평가",https://blog.naver.com/owls-table/224301828766 | https://blog.naver.com/jinlicious/224301821046 | https://blog.naver.com/bum0210_/224301742222
77,경주 가볼만한곳,8,가볼만한곳,"하동 저수지 풍경을 품은 경주 한옥카페, 바실라 | [경주 맛집] 경주 황리단길 맛집 야무, 라멘 닭껍질 만두 찐 추천 | 경주 1박 2일, 먹고 쉬고 걷고 다 한 여행",https://blog.naver.com/ghkdls291/224301826556 | https://blog.naver.com/kkukku_v/224301746165 | https://blog.naver.com/godahrgo_838/224301788494
78,경주여행,8,가볼만한곳|데이트|핫플,"하동 저수지 풍경을 품은 경주 한옥카페, 바실라 | 경주 가볼 만한 곳 , 경주루지월드에서 짜릿한 경험을! | 경주국밥맛집 경주 황리단길아침식사 고유한우국밥",https://blog.naver.com/ghkdls291/224301826556 | https://blog.naver.com/song970923/224301819494 | https://blog.naver.com/junghyeyun1/224301819126
79,광주맛집,8,가볼만한곳|데이트|핫플,"전대술집 한신포차 광주용봉점 역시 근본 닭발맛집 | 수완지구 일식 맛집 추천, 멘모찌 후기 | 광주 아이랑 가기 좋은 캠핑바베큐, 헬로우텍사스 솔직후기",https://blog.naver.com/cherishj_7/224301744159 | https://blog.naver.com/holiday_diary/224301793897 | https://blog.naver.com/hamkke_haru/224301768952
80,나들이 룩,8,나들이,아펠 미니 원피스 가격 대비 만족도 높다 | 레니에 러플 블라우스 bs7700 디자인 비교 | 이레 여름 린넨 자켓 실착용한 솔직 후기,https://blog.naver.com/diltory953/224301781163 | https://blog.naver.com/dhdbsgur606/224301766138 | https://blog.naver.com/tricolour210/224301760151
81,내돈내산후기,8,가볼만한곳|나들이|데이트|핫플,"뮤지컬 추천 스윙데이즈 암호명 A 관람 후기 | 산골짜기다람쥐 다녀왔어요, 솔직한 맛 평가 | [거제 양꼬치 맛집] 현지인도 예약하고 가는 오복양꼬치...",https://blog.naver.com/wory7073/224301791388 | https://blog.naver.com/bum0210_/224301742222 | https://blog.naver.com/tjsrud3302/224301771267
82,디저트맛집,8,가볼만한곳|데이트|핫플,"장원영 두쫀쿠 대란! 2시간 오픈런의 추억과 팔레트 디저트... | 청주 망고빙수 맛집 추천, 카페 다올 다녀온 후기 | [대전 소제동 카페] 여행지 (여전히 행복한 지금)",https://blog.naver.com/mingdi_couple/224301833078 | https://blog.naver.com/ssunpa/224301799416 | https://blog.naver.com/bennlia_33/224301784171
83,맛집탐방,8,가볼만한곳|데이트|핫플,"브런치 카페 감성 가득! 에그 베네딕트와 상큼한 레몬에이드의... | [진천 맛집] 상다리 부러지는 한정식 '신궁전' 궁궐정식 솔직... | [여의도 맛집] 데이트하기 좋은 분위기, 을지다락에서 즐기는...",https://blog.naver.com/pj32742/224301810376 | https://blog.naver.com/sugidanji/224301624952 | https://blog.naver.com/jewelil/224301779751
84,목적지 샴푸,8,나들이,오늘을 즐기세요. 강북 수유๋่ 샴푸๋่ 나이트๋่...,https://blog.naver.com/hftsea/224301831753 | https://blog.naver.com/hftsea/224301831506 | https://blog.naver.com/hftsea/224301831552
85,부산여행맛집,8,가볼만한곳|데이트|핫플,"해운대맛집 찾는다면? 바다 보며 즐기는 시원한 한 끼, 해운대... | [부산 서면] 매콤한 쭈꾸미가 땡길땐 홍스쭈꾸미 서면점! | 부산 대게 맛집｜연산동 동백대게수산 연산점, 살이 꽉 찬...",https://blog.naver.com/mujjida1/224301814591 | https://blog.naver.com/singbbu/224301827645 | https://blog.naver.com/ddori_e/224301820337
86,사용 후기,8,후기,부쉬맨 선크림 선스틱 햇빛 차단 꼼꼼하게 | 메이튼 타이어 공기압 주입기 직접 써본 솔직 사용기 | 삼성전자 오디세이 G7 S27DG700 27인치 IPS 4K UHD 144Hz...,https://blog.naver.com/nchorge14394/224301826275 | https://blog.naver.com/ferricynide6946/224301830613 | https://blog.naver.com/ghkdthwjd53253/224301832837
87,서면술집,8,데이트|핫플,"[부산 서면] 매콤한 쭈꾸미가 땡길땐 홍스쭈꾸미 서면점! | 부산 부전 서면 닭발 맛집 :: 불향 가득한 신이내린 닭발... | [부산 서면] 서면고기집 소장각, 가성비로 즐기는 소갈비살...",https://blog.naver.com/singbbu/224301827645 | https://blog.naver.com/kkongchichi/224301779387 | https://blog.naver.com/ranpunzels/224301775344
88,서울여행,8,가볼만한곳|나들이|핫플,"아이와 일주일 역사여행, 서울여행코스 | [서울] 남산타워 케이블카 타고 전망대 구경하기, 추억의... | 서울 남산타워 맛집 방태막국수, 산책 후 시원한 물막국수와...",https://blog.naver.com/aj1595/224301797429 | https://blog.naver.com/layer_bylayer/224301779921 | https://blog.naver.com/lsoyoung1015/224301745563
89,속초여행,8,가볼만한곳|핫플,"강원도 속초 여행 | 카시아 속초 호텔 앤 리조트 | 동해 바다 여행 | [속초놀거리] 실패 없는 여행 코스와 현지인 추천 명소 정리 | 속초중앙시장맛집 원조소문난무침회 포장 후기, 자꾸 생각나는...",https://blog.naver.com/kmj00312/224301813538 | https://blog.naver.com/boo817/224301722082 | https://blog.naver.com/sssun831/224301731733
90,원주 가볼만한곳,8,가볼만한곳,아찔한 출렁다리와 섬강의 청량함: 원주 소금산 그랜드밸리... | [원주 바다에 내리는 눈] 힐링하기 좋은 원주 카페 추천 | 원주 용수골꽃양귀비축제 5/31 실시간 모습,https://blog.naver.com/information-store/224301760971 | https://blog.naver.com/hooitt/224301760969 | https://blog.naver.com/jowen20/224301789887
91,종로데이트,8,가볼만한곳|핫플,서울 데이트코스 추천 | 윤숲후르츠산도점부터 청계천 책읽는... | [서울/종로3가] 시애틀 커피하우스 종로3가점 :: 서울3대... | 서울3대아인슈페너맛집 시애틀커피하우스 종로3가점,https://blog.naver.com/teen9104/224301803554 | https://blog.naver.com/ggaonii/224301740961 | https://blog.naver.com/skdud3758/224301690483
92,주말 가볼만한곳,8,가볼만한곳,주말 가볼만한곳 #베이커리카페 #포레스트아웃팅스] | 2026년 5월 마지막주 수도권 전시회 일정 모음｜코엑스... | [당진 'ROAD 1950'카페] 미국 감성 폭발하는 오션뷰 대형...,https://blog.naver.com/yhg9218/224301734841 | https://blog.naver.com/limjuyoun/224301724146 | https://blog.naver.com/nanjjang75/224301829633
93,청주 가볼만한곳,8,가볼만한곳,경쟁률 보고 깜짝 놀랐습니다! 올해 가장 핫한 자연휴양림 정식... | 청주카페/학천탕 | 청주 문화제조창 베이커리 카페 보이드 맨션 빵지순례 데이트...,https://blog.naver.com/awesome0254/224300412773 | https://blog.naver.com/dmstjs5656/224301826128 | https://blog.naver.com/weekend_place/224301742826
94,카페스타그램,8,가볼만한곳|나들이|데이트|핫플,"청주 망고빙수 맛집 추천, 카페 다올 다녀온 후기 | 강화도 ""카페 다루지"" | (경기/ 파주) 연리희재 파주 | 개성주악 포장 맛집 후기",https://blog.naver.com/ssunpa/224301799416 | https://blog.naver.com/p0219_/224301738678 | https://blog.naver.com/rkdud062611/224301763677
95,가족여행추천,7,가볼만한곳|핫플,아기랑 가기 좋은곳 강원도 양양 트리플 리조트 | ★ 프랑스 // 파리 [파파윤투어] 지베르니 (에트르타 옹플뢰르)... | 동해 현지인도 반한 무릉별유천지 알파인코스터 체험기,https://blog.naver.com/sat504054/224301783918 | https://blog.naver.com/whdfh_aktwlq/224301611609 | https://blog.naver.com/pinkjuma/224301785074
96,강남 핫플,7,핫플,"신논현역 카페 어퍼앤언더 디저트가 맛있는 강남 카페 추천 | 강남 역삼 레이어드펌 추천, 르블라썸 강남점 (+주차가능) | 강남에서 인생 태슬컷 찾기, '슬론헤어 은호 마스터'가 답이다",https://blog.naver.com/cyfl02/224301787263 | https://blog.naver.com/woa121/224301740162 | https://blog.naver.com/luxurycsy/224301673095
97,공감,7,가볼만한곳|핫플,"[여의도맛집/콩국수맛집]진주집 냉콩국수,닭칼국수,접시만두... | [제주 카페] 제주 함덕 카페|슈페너 라떼 맛집|함덕 감성카페... | 진주 미드나잇덴 경상대 앞 안주 반입 가능한 분위기 좋은 인생...",https://blog.naver.com/thdal8324/224301801567 | https://blog.naver.com/dnddls011/224301739774 | https://blog.naver.com/blackrexy/224301730210
98,광주 가볼만한곳,7,가볼만한곳,"광주 아이랑 가기 좋은 캠핑바베큐, 헬로우텍사스 솔직후기 | 광주 충장로 치맥 맛집 하울링(HOWLING) | 광주 챔피언스필드 최신유행 먹거리ㅣ오토김밥ㅣ행복통닭...",https://blog.naver.com/hamkke_haru/224301768952 | https://blog.naver.com/sh3636091/224301768216 | https://blog.naver.com/reviviver/224301756648
99,까지,7,서울|팝업,소년부터 남북회담까지… 사진으로 보는 1970년대 서울 | ☀️ 씰룩 포토이즘 프레임 출시 안내 | 씰룩 포토이즘 프레임 출시 안내,https://blog.naver.com/grt0809/224301827763 | https://blog.naver.com/firef1st/224301821742 | https://blog.naver.com/firef1st/224301817878
100,네오TV,7,수도권,동탄퍼스트파크 무타공 벽걸이티비설치 거실을 더 넓고 품격... | 동탄 메타폴리스 무타공 벽걸이티비설치 랜드마크의 품격에... | 동탄 NHF 엘크루 무타공 벽걸이티비설치 쫄대 없는 완전한...,https://blog.naver.com/saedongnae/224301775119 | https://blog.naver.com/saedongnae/224301716659 | https://blog.naver.com/saedongnae/224301713174
101,대구맛집,7,가볼만한곳|핫플,"대구 빙수맛집 동성로카페 바닐라크럼브 양쯔깐루빙수... | [대구 상인역 맛집] 삼삼마라 본점 로제마라샹궈, 마라 초보도... | 봉덕동 맛집 봉덕끝집 감자전에 반하고 온 대구 술집",https://blog.naver.com/whtnrud19/224301828285 | https://blog.naver.com/tial94/224301675001 | https://blog.naver.com/fprtl0221/224301614332
102,대구맛집추천,7,데이트|핫플,[대구/한식] 들안길 한식 ‘남도명가’ | 대봉동 맛집 담골 김광석거리 데이트 코스 소고기 국밥과... | 대구 북구 맛집 고급스러운 분위기에서 가족외식 보길도1988...,https://blog.naver.com/victoria_b_2025/224301790359 | https://blog.naver.com/sh1890/224301709480 | https://blog.naver.com/papaya3040/224301684943
103,부산데이트코스,7,가볼만한곳|핫플,"부산 여행코스 추천｜30분 만에 완성하는 레진반지... | 청사포역 카페, 부산 해운대 블루라인파크 근처 청사포의 감성... | 부산 폴라로이드 사진관 추천｜전포동 프프 스튜디오 오픈 이야기",https://blog.naver.com/dear_us-/224301828460 | https://blog.naver.com/poohniestudio/224301751968 | https://blog.naver.com/wnskgus1004/224301745296
104,삼겹살맛집,7,가볼만한곳|데이트|핫플,"검단사거리 삼겹살 맛집 태돈, 역대급 서비스에 주차장까지... | 용산구 삼겹살에서 즐긴 무쇠판 김치삼겹의 특별한 맛과 분위기 | 불당동 새로 생긴 고기맛집 ""또또구이집"" 첫방문 후기",https://blog.naver.com/jolie_review/224301809816 | https://blog.naver.com/rosnmhdang6285/224301792280 | https://blog.naver.com/hippojini/224301790367
105,서울데이트코스,7,가볼만한곳|핫플,국립중앙박물관 데이트 이촌역 실내 코스 무료 반나절 총정리 | [연남동 평화연남] 연남동 데이트 코스 추천 낙곱새 맛집 | 약수역 취미미술 지하아트 -여름의 따사로운 햇빛을 닮은...,https://blog.naver.com/happywife86/224301795037 | https://blog.naver.com/hooitt/224301786371 | https://blog.naver.com/kissthek/224301728428
106,성수맛집,7,가볼만한곳|핫플,성수빵지순례 [성수베이킹스튜디오] 바게트치아바타맛집 | 성수동 중식 성수역 밥집 전자방｜NCT 해찬도 즐겨먹는 성수동... | [성수 카페] 성수동의 복잡한 거리에서 살짝 벗어나...,https://blog.naver.com/alruddlaa/224301818635 | https://blog.naver.com/kimnakji/224301679006 | https://blog.naver.com/age2010/224301755252
107,속초엑스포맛집,7,가볼만한곳,"[효레의식당 속초점] 속초 엑스포 맛집, 필리핀식 바베큐로... | [맛집리뷰] 속초 엑스포 맛집 효레의식당 속초점, 필리핀... | [맛집리뷰] 속초 청초호 맛집 효레의식당 속초점, 색다른 필리핀...",https://blog.naver.com/yhrpczxyovq/224301753365 | https://blog.naver.com/xrunlpvfyebz/224301790375 | https://blog.naver.com/5epuoyjnfn/224301763205
108,속초오션뷰맛집,7,가볼만한곳,"[효레의식당 속초점] 속초 엑스포 맛집, 필리핀식 바베큐로... | [맛집리뷰] 속초 엑스포 맛집 효레의식당 속초점, 필리핀... | [맛집리뷰] 속초 청초호 맛집 효레의식당 속초점, 색다른 필리핀...",https://blog.naver.com/yhrpczxyovq/224301753365 | https://blog.naver.com/xrunlpvfyebz/224301790375 | https://blog.naver.com/5epuoyjnfn/224301763205
109,속초조양동맛집,7,가볼만한곳,"[효레의식당 속초점] 속초 엑스포 맛집, 필리핀식 바베큐로... | [맛집리뷰] 속초 엑스포 맛집 효레의식당 속초점, 필리핀... | [맛집리뷰] 속초 청초호 맛집 효레의식당 속초점, 색다른 필리핀...",https://blog.naver.com/yhrpczxyovq/224301753365 | https://blog.naver.com/xrunlpvfyebz/224301790375 | https://blog.naver.com/5epuoyjnfn/224301763205
110,속초필리핀음식점,7,가볼만한곳,"[효레의식당 속초점] 속초 엑스포 맛집, 필리핀식 바베큐로... | [맛집리뷰] 속초 엑스포 맛집 효레의식당 속초점, 필리핀... | [맛집리뷰] 속초 청초호 맛집 효레의식당 속초점, 색다른 필리핀...",https://blog.naver.com/yhrpczxyovq/224301753365 | https://blog.naver.com/xrunlpvfyebz/224301790375 | https://blog.naver.com/5epuoyjnfn/224301763205
111,수도권 벽걸이티비,7,수도권,동탄퍼스트파크 무타공 벽걸이티비설치 거실을 더 넓고 품격... | 동탄 메타폴리스 무타공 벽걸이티비설치 랜드마크의 품격에... | 동탄 NHF 엘크루 무타공 벽걸이티비설치 쫄대 없는 완전한...,https://blog.naver.com/saedongnae/224301775119 | https://blog.naver.com/saedongnae/224301716659 | https://blog.naver.com/saedongnae/224301713174
112,수원맛집,7,가볼만한곳|팝업|핫플,광교 호수공원맛집 청년감자탕순대국 묵은지감자탕 후기 | [코푸페‘s LINE-UP]#SIEGA | 수원 술집) 수원역 분위기 좋은 가성비 끝판왕 수원역 술집 포차...,https://blog.naver.com/domdobu/224301759569 | https://blog.naver.com/kffair/224301570528 | https://blog.naver.com/subsub2-/224301716731
113,수원카페,7,가볼만한곳|데이트|팝업|핫플,정지영 커피로스터즈 코코넛라떼 | [#행궁동카페 #수원카페 #화성행궁카페 #행궁동디저트카페] | [코푸페‘s LINE-UP]#SIEGA,https://blog.naver.com/jinsolcloud/224301819556 | https://blog.naver.com/yhg9218/224301656647 | https://blog.naver.com/kffair/224301570528
114,아산 가볼만한곳,7,가볼만한곳,"아산 외암마을 야행, 인기이유후기 | 아산 탕정 맛집 추천 ️매콤한 아구찜과 신선한 막회가 맛있는... | 2026 아산 외암마을 야행 축제 완벽 가이드셔틀 주차장...",https://blog.naver.com/kkangpaetokkieeee/224301784210 | https://blog.naver.com/waiyan9604/224301766916 | https://blog.naver.com/tech_log-/224301805700
115,안녕하세요,7,나들이|다녀온|일상|주말|팝업|핫플,"전주진북동맛집 박웅의 국가대표 짬뽕 전주점~~!! | 정백어가 블랙 마곡케이스퀘어점, 마곡 생선구이 맛집으로... | 세종) 순대 맛집 '부강옥' (세종 맛집, 순대국밥, 명품순대국...",https://blog.naver.com/dhanfp/224301817818 | https://blog.naver.com/sinun20/224301808170 | https://blog.naver.com/lily_bee0/224301787693
116,울산 핫플,7,핫플,울산 삼산동 양고기 맛집 화로양연｜달동 모임 맛집 추천... | 울산 북구 화봉동 미용실 추천｜다이쁜 미장원 내돈내산 후기 | [바닷집] 울산 삼산 해산물 코스 & 금주진까지 가성비 너무 좋은...,https://blog.naver.com/j_o2_f/224301714272 | https://blog.naver.com/wooririn0104/224301709065 | https://blog.naver.com/upendo_life/224301664540
117,입니다,7,가볼만한곳|수도권|일상|핫플|후기,"노량진고시원 경험을 완전히 바꿔주는 샹그릴라하우스! | 광명시 철산동 에어컨 냉매 충전, 보충, 시스템에어컨 누설... | 일본 이심 eSIM 도쿄 오사카 후쿠오카 1일 500MB 추천 리뷰",https://blog.naver.com/run526/224301828947 | https://blog.naver.com/kork55/224301616021 | https://blog.naver.com/dnrnrwjd70339/224301830742
118,잠실 핫플,7,핫플,[ 송파 잠실 ] Benson 벤슨 롯데월드몰 - 잠실디저트 아이스크림... | 잠실 안목 돼지국밥 내돈내산 솔직후기! 깔끔한 인생 국밥집... | 스테이지 나인이 회식 샴페인 쏩니다!♡,https://blog.naver.com/from-jane/224301678766 | https://blog.naver.com/bus7398/224301663287 | https://blog.naver.com/stagenine_9/224301640467
119,잠실데이트,7,수도권|팝업|핫플,잠실 롯데백화점 대형 웨딩박람회 6월 예비부부 추천 웨딩페어... | 주황버섯이 나타났다고? 메이플스토리 팝업 직접 보고 온 후기 | 잠실 안목 돼지국밥 내돈내산 솔직후기! 깔끔한 인생 국밥집...,https://blog.naver.com/dosooni-/224301752112 | https://blog.naver.com/oreobox22/224301569233 | https://blog.naver.com/bus7398/224301663287
120,전남여행,7,가볼만한곳|팝업|핫플,"아이 부모님과 가기 좋은 곳 영암 맛집 '터미널분식' 이용 후기 | 담양 메타프로방스 맛집 추천! 돈까스와 2층버스 감성 조합 | 영암여행 아이와 가볼만한곳 , 부모님과 가기 좋은 곳 주말...",https://blog.naver.com/superstarchoi_0928/224301833158 | https://blog.naver.com/wnaldud3255/224301823414 | https://blog.naver.com/superstarchoi_0928/224301810663
121,전주 가볼만한곳,7,가볼만한곳,[메종드앤]전주 신시가지 브런치 뷔페|효자동 브런치 맛집에서... | 전주마사지 추천 “더하노이풋앤바디 전주에코시티점”스톤... | 싱그러움과 전통이 가득한 6월 전주 가볼만한곳 5곳 & 필수...,https://blog.naver.com/kim1004a/224301824946 | https://blog.naver.com/km02061/224301816573 | https://blog.naver.com/bhy1468/224301797465
122,전주여행,7,가볼만한곳|핫플,[전주 커플마사지] 덕진공원 최고급 안마의자와 발마사지로 몸... | 싱그러움과 전통이 가득한 6월 전주 가볼만한곳 5곳 & 필수... | 전주한옥마을맛집 전주한옥마을먹거리 만년닭강정 포장후기...,https://blog.naver.com/migs00/224301812146 | https://blog.naver.com/bhy1468/224301797465 | https://blog.naver.com/modutube/224301790335
123,주말,7,일상|주말,"(역시나) 아직은 회사 생활이 체질이다 | [ 일상 기록] 뒹굴뒹굴의 정석_치킨, 맥주, 그리고 끝없는 스크롤 | 하늘색",https://blog.naver.com/babylin21/224301823143 | https://blog.naver.com/eunseo_o11/224301833087 | https://blog.naver.com/ekfqlcrnf/224301826002
124,주말일상,7,가볼만한곳|나들이|데이트|핫플,"⛰️ 대모산 1시간 컷 가족 등산! (ft. 정상 막걸리 파티... | ♂️ 남편 머리 펌 해준 날, 소소한 일상 기록 | 울산 중구 구역전시장 구경하고 장터국밥까지, 나의 주말 아침...",https://blog.naver.com/rkdwltn901/224301815145 | https://blog.naver.com/csr2326/224301812444 | https://blog.naver.com/wms9774/224301778233
125,지역에서 나이트,7,나들이,오늘을 즐기세요 수원 찬스 돔ة่๊ 나이트ى่๊...,https://blog.naver.com/dlpbird/224301826766 | https://blog.naver.com/dlpbird/224301826835 | https://blog.naver.com/dlpbird/224301826570
126,창원 가볼만한곳,7,가볼만한곳,"창원 아이랑 상남동데이트 점핑배틀 | 창원 짬뽕 맛집 교동짬뽕 창원점, 진한 국물이 매력적인 상남동... | [마산]-마창대교 뷰 맛집! 귀산 대형 베이커리카페...",https://blog.naver.com/rena2015/224301818092 | https://blog.naver.com/luckyjinhee_/224301806938 | https://blog.naver.com/hacci840/224301803469
127,처음으로 수유 샴푸,7,나들이,처음으로 수유 샴푸ุ 갔다 왔습니다.,https://blog.naver.com/familiarl3a/224301828312 | https://blog.naver.com/familiarl3a/224301828496 | https://blog.naver.com/familiarl3a/224301828461
128,충남 가볼만한곳,7,가볼만한곳,"당진 또봄면천 축제 6월 13~14일, 성곽길 달리기부터 카더가든... | 아산 외암민속마을 민박 후기, 촌캉스부터 파전 맛집까지 솔직... | 2026 아산 외암마을 야행 축제 완벽 가이드셔틀 주차장...",https://blog.naver.com/journalism/224301767792 | https://blog.naver.com/sldighd1863/224301788762 | https://blog.naver.com/tech_log-/224301805700
129,하객룩,7,나들이|데이트,레니에 러플 블라우스 bs7700 디자인 비교 | 이레 여름 린넨 자켓 실착용한 솔직 후기 | 로엠 매칭카라 트위드 미니원피스 RMOWF11S12 직접 써본 후기,https://blog.naver.com/dhdbsgur606/224301766138 | https://blog.naver.com/tricolour210/224301760151 | https://blog.naver.com/gjdnqls10622/224301754145
130,1일 월,6,팝업,로우드로우 포토이즘 프레임 출시 안내 | 도라에몽 포토이즘 프레임 출시 안내 | 무직타이거 포토이즘 프레임 출시 안내,https://blog.naver.com/firef1st/224301822857 | https://blog.naver.com/firef1st/224301819536 | https://blog.naver.com/firef1st/224301810552
131,감사합니다,6,가볼만한곳|방문|오늘|일상|핫플,[서울 도봉구] 북한산 아이파크 _ 주방가구 및 보조 주방가구... | 2026년 AI의 3단계 구조 | 2026-5월 30일 토요일 자기 계발 공부 <지금 하지 않으면...,https://blog.naver.com/nadrigagu/224301832605 | https://blog.naver.com/mizki_00/224301830010 | https://blog.naver.com/dksrjatk123/224301828081
132,갔다 왔습니다,6,나들이,처음으로 수유 샴푸ุ 갔다 왔습니다.,https://blog.naver.com/familiarl3a/224301828496 | https://blog.naver.com/familiarl3a/224301828461 | https://blog.naver.com/familiarl3a/224301828430
133,강릉맛집,6,가볼만한곳,강릉감자닭강정 중앙시장 포장 후기 강릉맛집 추천 | 강릉 이모네생선찜 예약 전쟁 끝에 다녀온 솔직 후기 | 정남미명과 강릉본점 / 천하제빵 / 강릉빵집 / 토요일방문후기,https://blog.naver.com/editorc/224301823035 | https://blog.naver.com/ddhhn/224301764025 | https://blog.naver.com/gg1234_567/224301747305
134,거실장없는거실,6,수도권,동탄퍼스트파크 무타공 벽걸이티비설치 거실을 더 넓고 품격... | 동탄 메타폴리스 무타공 벽걸이티비설치 랜드마크의 품격에... | 동탄 NHF 엘크루 무타공 벽걸이티비설치 쫄대 없는 완전한...,https://blog.naver.com/saedongnae/224301775119 | https://blog.naver.com/saedongnae/224301716659 | https://blog.naver.com/saedongnae/224301713174
135,광주데이트,6,가볼만한곳|핫플,광주 꿈브루어리 전통주 양조장 시음후기 | 광주 충장로 치맥 맛집 하울링(HOWLING) | 광주 챔피언스필드 최신유행 먹거리ㅣ오토김밥ㅣ행복통닭...,https://blog.naver.com/alswl6318/224301789721 | https://blog.naver.com/sh3636091/224301768216 | https://blog.naver.com/reviviver/224301756648
136,국내여행지추천,6,가볼만한곳|주말,"6월 7월 국내여행지 추천,여름휴가로 딱 좋은 전국빠지 명소... | 세계 우유의 날(6월 1일), 우유 만나러 떠나는 전국 목장... | 커플 여행 추천, 설레는 발걸음으로 떠나요",https://blog.naver.com/leeja5139/224301817613 | https://blog.naver.com/captain_limnim/224301740338 | https://blog.naver.com/mynamer1/224301069185
137,김포,6,서울|수도권|후기,5(쌍용스윗.1005호.삼번창 시공.) 아파트 빗물누수 베란다 샤시... | 4(쌍용스윗.1005호.삼번창 시공.) 아파트 빗물누수 베란다 샤시... | 김포·수원 등에서 2240가구 공급 : 경기 서남권 중심 실수요자...,https://blog.naver.com/antmxkd7/224301815139 | https://blog.naver.com/antmxkd7/224301813000 | https://blog.naver.com/pg005/224301555229
138,나들이,6,가볼만한곳|나들이|핫플,"세계 우유의 날(6월 1일), 우유 만나러 떠나는 전국 목장... | 큰맘 먹고 지르는 나이키 에어 포스1 07 스니커즈 블랙... | 보리밭 물결 따라, 공주 카페 마암에서의 여유로운 하루",https://blog.naver.com/captain_limnim/224301740338 | https://blog.naver.com/badlyca/224301815843 | https://blog.naver.com/misty1908/224301807501
139,나들이 용품,6,나들이,블루폴 하버 윈드스크린 캠핑 타프 사이드월 직접 써본 솔직... | 캠핑양념통 가방 수납력 최고 직접 써본 후기 | 슬라운드 여름 슬림클린 향균 차렵 이불 직접 써본 솔직 후기,https://blog.naver.com/lustrous66850/224301827324 | https://blog.naver.com/ghkdthwjd53253/224301814105 | https://blog.naver.com/builtin614/224301801720
140,담양여행,6,가볼만한곳|나들이|주말|핫플,고창군공설운동장에서 시작하는 런트립! 일출 러닝과 완벽한... | 고창 여행 필수 코스! 서편제의 숨결을 느끼는... | 담양 메타프로방스 맛집 추천! 돈까스와 2층버스 감성 조합,https://blog.naver.com/fernforest/224301823381 | https://blog.naver.com/fernforest/224301830011 | https://blog.naver.com/wnaldud3255/224301823414
141,대구여행,6,가볼만한곳|핫플,"[대구 가볼만한곳 ] 대구간송미술관 상설전 예약 주차 정보, 가는... | 대구 빙수맛집 동성로카페 바닐라크럼브 양쯔깐루빙수... | 대구연극 <타임> 6월2일(화) 공연취소",https://blog.naver.com/happyfang-/224301591111 | https://blog.naver.com/whtnrud19/224301828285 | https://blog.naver.com/artplustheater/224301819039
142,대리석무타공,6,수도권,동탄퍼스트파크 무타공 벽걸이티비설치 거실을 더 넓고 품격... | 동탄 메타폴리스 무타공 벽걸이티비설치 랜드마크의 품격에... | 동탄 NHF 엘크루 무타공 벽걸이티비설치 쫄대 없는 완전한...,https://blog.naver.com/saedongnae/224301775119 | https://blog.naver.com/saedongnae/224301716659 | https://blog.naver.com/saedongnae/224301713174
143,대전맛집,6,가볼만한곳|주말|핫플,대전 성심당 근처 맛집 로운 샤브샤브 NC중앙로점 봄메뉴 추천 | 유성온천역맛집 대전고기집 부산갈매기 봉명점 | 성심당 필수코스 테라스키친 망고빙수 후기 / 임산부 할인,https://blog.naver.com/heomihwa17/224301825484 | https://blog.naver.com/100_rang/224301810774 | https://blog.naver.com/ddd_log/224301823116
144,댓글,6,가볼만한곳|다녀온|핫플,"초당동막국수맛집 메밀향기 초당동정통막국수 먹고 온 날 | [여의도맛집/콩국수맛집]진주집 냉콩국수,닭칼국수,접시만두... | [제주 카페] 제주 함덕 카페|슈페너 라떼 맛집|함덕 감성카페...",https://blog.naver.com/travel_food_trip/224300888417 | https://blog.naver.com/thdal8324/224301801567 | https://blog.naver.com/dnddls011/224301739774
145,데이트맛집,6,가볼만한곳|나들이|핫플,"IFC몰 근처 여의도 양갈비 맛집 관호 여의도본점 | 감성 가득한 영통 데이트코스, 안주일체 수원영통점 다녀온 후기 | 산골짜기다람쥐 다녀왔어요, 솔직한 맛 평가",https://blog.naver.com/yeseonm/224301812944 | https://blog.naver.com/sangminttt_93/224301777494 | https://blog.naver.com/bum0210_/224301742222
146,동탄네오TV,6,수도권,동탄퍼스트파크 무타공 벽걸이티비설치 거실을 더 넓고 품격... | 동탄 메타폴리스 무타공 벽걸이티비설치 랜드마크의 품격에... | 동탄 NHF 엘크루 무타공 벽걸이티비설치 쫄대 없는 완전한...,https://blog.naver.com/saedongnae/224301775119 | https://blog.naver.com/saedongnae/224301716659 | https://blog.naver.com/saedongnae/224301713174
147,만한곳,6,가볼만한곳,고유가 피해지원금 신청방법 및 이의신청 방법 | 청주 동남지구 강금옥쭈꾸미 평일 저녁식사 방문후기 | ★ 프랑스 // 파리 [즉시 확정] 파리 디즈니랜드 입장권 (1~4일권...,https://blog.naver.com/zzalforyou/224301779159 | https://blog.naver.com/police5957/224301751122 | https://blog.naver.com/trip-happy-/224301619606
148,문화생활,6,가볼만한곳|데이트|전시|핫플,"대학로 연극 후기 | 초등학생과 함께 본 '어서 오세요, 휴남동... | 뮤지컬 서편제 후기 / 광림아트센터 BBCH홀 2층 X열 25번 시야... | 강남전시회 씨엘아트갤러리 서상익 개인전 《회화의...",https://blog.naver.com/sms_86/224301819179 | https://blog.naver.com/warning-/224301815830 | https://blog.naver.com/kenoop/224301801892
149,미니멀거실,6,수도권,동탄퍼스트파크 무타공 벽걸이티비설치 거실을 더 넓고 품격... | 동탄 메타폴리스 무타공 벽걸이티비설치 랜드마크의 품격에... | 동탄 NHF 엘크루 무타공 벽걸이티비설치 쫄대 없는 완전한...,https://blog.naver.com/saedongnae/224301775119 | https://blog.naver.com/saedongnae/224301716659 | https://blog.naver.com/saedongnae/224301713174
150,벽걸이티비설치비용,6,수도권,동탄퍼스트파크 무타공 벽걸이티비설치 거실을 더 넓고 품격... | 동탄 메타폴리스 무타공 벽걸이티비설치 랜드마크의 품격에... | 동탄 NHF 엘크루 무타공 벽걸이티비설치 쫄대 없는 완전한...,https://blog.naver.com/saedongnae/224301775119 | https://blog.naver.com/saedongnae/224301716659 | https://blog.naver.com/saedongnae/224301713174
151,부산술집,6,가볼만한곳|핫플,부산 청사포 조개구이 맛집 도희네 조개구이 내돈내산 | 부산 부전 서면 닭발 맛집 :: 불향 가득한 신이내린 닭발... | 해운대 좌동 이자카야 세츠나 연어삼합세트 솔직후기,https://blog.naver.com/lamulamu1122/224301788077 | https://blog.naver.com/kkongchichi/224301779387 | https://blog.naver.com/edge2_/224301717220
152,부산여행코스,6,가볼만한곳|핫플,부산 여행코스 추천｜30분 만에 완성하는 레진반지... | 부산 청사포 조개구이 맛집 도희네 조개구이 내돈내산 | 아르떼뮤지엄 부산 이용 팁과 달토끼 특별전 정보,https://blog.naver.com/dear_us-/224301828460 | https://blog.naver.com/lamulamu1122/224301788077 | https://blog.naver.com/boo817/224301689459
153,서울가볼만한곳,6,팝업|핫플,"포켓몬고 하면서 즐긴 서울숲, 성수동 포켓몬스터 30주년 팝업 ... | 동대문 DDP 나들이, 서울시 마스코트 해치 굿즈 쇼핑과 시원한... | 인사동 가볼만한곳 찾다가 해본 도토리캐리커쳐 커플 캐리커처",https://blog.naver.com/j_o2_f/224301644321 | https://blog.naver.com/justjust009/224301688347 | https://blog.naver.com/mig98/224301607888
154,성수카페,6,가볼만한곳|핫플,"성수빵지순례 [성수베이킹스튜디오] 바게트치아바타맛집 | 성수 데이트 코스 추천, 연못 뷰가 예쁜 ㅣ""ETF베이커리 성수"" | 성수 감성 카페 도토리오븐 내돈내산 솔직 후기",https://blog.naver.com/alruddlaa/224301818635 | https://blog.naver.com/kye3103/224301795991 | https://blog.naver.com/eunsu_exe/224301703409
155,셋클립시공,6,수도권,동탄퍼스트파크 무타공 벽걸이티비설치 거실을 더 넓고 품격... | 동탄 메타폴리스 무타공 벽걸이티비설치 랜드마크의 품격에... | 동탄 NHF 엘크루 무타공 벽걸이티비설치 쫄대 없는 완전한...,https://blog.naver.com/saedongnae/224301775119 | https://blog.naver.com/saedongnae/224301716659 | https://blog.naver.com/saedongnae/224301713174
156,속초맛집,6,가볼만한곳|핫플,"속초여행 중 들른 점심 맛집, 치즈까스& 함박돈까스에 냉모밀... | 속초중앙시장맛집 원조소문난무침회 포장 후기, 자꾸 생각나는... | 속초 중앙시장 누룽지오징어순대 맛집 [서민갑부 똑이네 튀김]...",https://blog.naver.com/jaeeun2784/224301822105 | https://blog.naver.com/sssun831/224301731733 | https://blog.naver.com/wryongmii/224301631236
157,수원데이트,6,가볼만한곳|핫플,"[행궁동 피자펍] 내돈내먹 후기 | 존앤진피자펍 행궁점... | 지동시장맛집 추천｜수원만두 맛집 추억의장날만두 솔직 후기 | [수원] 수원역 카페 추천, 저렴하고 맛있는 가성비 맛집 미쉐...",https://blog.naver.com/tayk99/224301829569 | https://blog.naver.com/dongsangyes/224301816491 | https://blog.naver.com/h_hyun_98/224301758840
158,수원데이트코스,6,가볼만한곳|핫플,수원꽃축제 일월수목원 제라늄 꽃명소 주차정보 | (수원) 월화원 중국풍 정원 사진 | [수원 파란대문 장미] 행궁동 데이트 코스/ 수원 행궁동 장미...,https://blog.naver.com/bravo0418/224301770491 | https://blog.naver.com/1004minime/224301672096 | https://blog.naver.com/juchae0308/224301626560
159,수원여행,6,가볼만한곳|핫플,수원꽃축제 일월수목원 제라늄 꽃명소 주차정보 | (수원) 월화원 중국풍 정원 사진 | [수원 파란대문 장미] 행궁동 데이트 코스/ 수원 행궁동 장미...,https://blog.naver.com/bravo0418/224301770491 | https://blog.naver.com/1004minime/224301672096 | https://blog.naver.com/juchae0308/224301626560
160,아트월무타공,6,수도권,동탄퍼스트파크 무타공 벽걸이티비설치 거실을 더 넓고 품격... | 동탄 메타폴리스 무타공 벽걸이티비설치 랜드마크의 품격에... | 동탄 NHF 엘크루 무타공 벽걸이티비설치 쫄대 없는 완전한...,https://blog.naver.com/saedongnae/224301775119 | https://blog.naver.com/saedongnae/224301716659 | https://blog.naver.com/saedongnae/224301713174
161,여름준비,6,나들이|일상|핫플,"[ 일상 기록] 뒹굴뒹굴의 정석_치킨, 맥주, 그리고 끝없는 스크롤 | [경북] 올리브영 여름 세일 상품 구매후기 | 여름 필수템 오즈키즈 모기장옷 입는 모기장 솔직 후기",https://blog.naver.com/eunseo_o11/224301833087 | https://blog.naver.com/lovejej3545/224301823104 | https://blog.naver.com/octomama/224301657994
162,여행,6,가볼만한곳|핫플|후기,미니 14인치 레디백 승무원 경량 여행 보조 소형 실사용 후기 좋은 | 일본(재팬) = 워너 브라더스 스튜디오 투어 도쿄 - 더 메이킹... | 후쿠오카 서점 추천｜하카타역 MARUZEN에서 만화책·문구...,https://blog.naver.com/windq7x/224301831883 | https://blog.naver.com/dkljsopiu126455/224301452191 | https://blog.naver.com/youmi082/224301780679
163,오션뷰카페,6,가볼만한곳|다녀온|핫플,[당진 'ROAD 1950'카페] 미국 감성 폭발하는 오션뷰 대형... | 영종도 카페 얼트 시원한 구읍포구 오션뷰 추천 & 주말 주차 정보 | [마산]-마창대교 뷰 맛집! 귀산 대형 베이커리카페...,https://blog.naver.com/nanjjang75/224301829633 | https://blog.naver.com/lugali/224301774706 | https://blog.naver.com/hacci840/224301803469
164,용인맛집,6,나들이|핫플,"[용인 떡카페] 레드브릭101 | 단팥죽·쌍화차에 가래떡... | 용인 동백 핫플 ""청년감자탕순대국"" 다녀왔습니다 | 수지구청 맛집 술집 추천, 감성 가득한 바차 수지점 후기...",https://blog.naver.com/yoonwany/224301760207 | https://blog.naver.com/kks919191/224301785618 | https://blog.naver.com/lkestoringplace/224301745068
165,울산맛집,6,가볼만한곳|나들이|데이트|핫플,"[경주 맛집] 경주 황리단길 맛집 야무, 라멘 닭껍질 만두 찐 추천 | 울산 슬도와 대왕암공원 여행코스, 바다를 품은 힐링 여행 | 울산 중구 구역전시장 구경하고 장터국밥까지, 나의 주말 아침...",https://blog.naver.com/kkukku_v/224301746165 | https://blog.naver.com/greenair1_/224301785222 | https://blog.naver.com/wms9774/224301778233
166,원주 핫플,6,핫플,원주맛집에서 만난 특별한 닭요리의 매력과 중식의 신세계 | 원주맛집에서 만난 신선한 닭고기 중식과 넉넉한 한 상차림 | 원주맛집에서 만난 불향 가득 닭요리와 얼큰한 짬뽕밥의 조화,https://blog.naver.com/escort11811/224301823329 | https://blog.naver.com/empty7457/224301822518 | https://blog.naver.com/fool4712/224301726965
167,인생샷명소,6,가볼만한곳|핫플,"아산 외암마을 야행, 인기이유후기 | 5월의 싱그러움을 만끽하는 또 다른 국내 여행지 추천 BEST | [광주 셀프 사진관] 상무지구 데이트 코스 추천! 셀프 촬영 우정...",https://blog.naver.com/kkangpaetokkieeee/224301784210 | https://blog.naver.com/43065_18/224277867008 | https://blog.naver.com/smjnuhb12/224301738830
168,일 월,6,팝업,구냥이 포토이즘 프레임 출시 안내 | ❄️ 그냥곰 포토이즘 프레임 출시 안내 | 아콘찌 포토이즘 프레임 출시 안내,https://blog.naver.com/firef1st/224301824266 | https://blog.naver.com/firef1st/224301820887 | https://blog.naver.com/firef1st/224301814858
169,있습니다,6,서울|수도권|일상|전시|후기,"가평 옥상방수 비노출우레탄 시공｜누수방지 옥상 우레탄방수... | 성북구 돈암동 한신한진아파트 청소 후기: 인테리어 준공청소... | 크레스티드게코 장마철, 습도보다 환기 리듬이 먼저입니다",https://blog.naver.com/jeon950204/224301812896 | https://blog.naver.com/max4816/224301189805 | https://blog.naver.com/9-gold/224301615311
170,전북여행,6,가볼만한곳|핫플,"군산 청암산 빠른 길 찾다가 하체 잃을 뻔 ... | 전주한옥마을맛집 전주한옥마을먹거리 만년닭강정 포장후기... | 군산 대장봉 여행 후기 숨은 차오르지만, 눈은 끝없이...",https://blog.naver.com/kingja_boo/224301735419 | https://blog.naver.com/modutube/224301790335 | https://blog.naver.com/j3837/224301645421
171,전주 핫플,6,핫플,"전주한옥마을맛집 전주한옥마을먹거리 만년닭강정 포장후기... | 전주막창맛집 발견!! 연막창 전주객사점, 다시 생각나는... | 전주 객사 맛집 | 객리단길 초밥 맛집 추천 | 스시미라이 방문 후기",https://blog.naver.com/modutube/224301790335 | https://blog.naver.com/dodo8250/224301584647 | https://blog.naver.com/qkrwlgml1027/224301640270
172,전주데이트,6,가볼만한곳|핫플,"전주한옥마을맛집 전주한옥마을먹거리 만년닭강정 포장후기... | 전주막창맛집 발견!! 연막창 전주객사점, 다시 생각나는... | 전주 객사 맛집 | 객리단길 초밥 맛집 추천 | 스시미라이 방문 후기",https://blog.naver.com/modutube/224301790335 | https://blog.naver.com/dodo8250/224301584647 | https://blog.naver.com/qkrwlgml1027/224301640270
173,제주여행코스,6,가볼만한곳|핫플,"[제주 동쪽 감성 카페 추천 ]김녕해수욕장 근처 카페... | 청보리가 익어가는 계절, 제주 | 제주 6월 가볼만한곳 산양큰엉곶 반딧불탐방 1년 중 6월에만...",https://blog.naver.com/harugirok21/224301798207 | https://blog.naver.com/everyjeju-official/224301693786 | https://blog.naver.com/ohdori13/224301633629
174,종로 핫플,6,핫플,[서울/종로3가] 시애틀 커피하우스 종로3가점 :: 서울3대... | 서울3대아인슈페너맛집 시애틀커피하우스 종로3가점 | [서울 종로 / 노다지포차] 요즘 날씨에 안 가면 손해인 종로...,https://blog.naver.com/ggaonii/224301740961 | https://blog.naver.com/skdud3758/224301690483 | https://blog.naver.com/greenish-glow/224301659468
175,종로맛집,6,데이트|핫플,"종각역 청계천 맛집 ""종로 오봉집"" 낙지보쌈 후기 | [광화문 맛집] 광화로 : 입안 가득 퍼지는 육즙, 화덕삼겹살이... | [서울 종로 / 노다지포차] 요즘 날씨에 안 가면 손해인 종로...",https://blog.naver.com/wnsgur70031/224301781433 | https://blog.naver.com/justkeep_swimming/224301797608 | https://blog.naver.com/greenish-glow/224301659468
176,주말여행,6,가볼만한곳|데이트|핫플,"당진 또봄면천 축제 6월 13~14일, 성곽길 달리기부터 카더가든... | 부산 2박 3일 여행 1편 새벽 SRT 타고 부산역 복국부터 태종대... | 2026 아산 외암마을 야행 축제 완벽 가이드셔틀 주차장...",https://blog.naver.com/journalism/224301767792 | https://blog.naver.com/munggmungg/224301778533 | https://blog.naver.com/tech_log-/224301805700
177,천안맛집,6,가볼만한곳|데이트|핫플,"[한우 드소] 천안아산 가성비 한우 맛집, 정육점 식당 | 천안 초밥 맛집 중 구성 만족스러웠던 강한초밥 | 불당동 새로 생긴 고기맛집 ""또또구이집"" 첫방문 후기",https://blog.naver.com/travelhobbyblog/224301816196 | https://blog.naver.com/languagebuddy/224301811053 | https://blog.naver.com/hippojini/224301790367
178,충남여행,6,가볼만한곳|나들이|핫플,"당진 또봄면천 축제 6월 13~14일, 성곽길 달리기부터 카더가든... | 아산 탕정 맛집 추천 ️매콤한 아구찜과 신선한 막회가 맛있는... | 보리밭 물결 따라, 공주 카페 마암에서의 여유로운 하루",https://blog.naver.com/journalism/224301767792 | https://blog.naver.com/waiyan9604/224301766916 | https://blog.naver.com/misty1908/224301807501
179,타일벽벽걸이티비,6,수도권,동탄퍼스트파크 무타공 벽걸이티비설치 거실을 더 넓고 품격... | 동탄 메타폴리스 무타공 벽걸이티비설치 랜드마크의 품격에... | 동탄 NHF 엘크루 무타공 벽걸이티비설치 쫄대 없는 완전한...,https://blog.naver.com/saedongnae/224301775119 | https://blog.naver.com/saedongnae/224301716659 | https://blog.naver.com/saedongnae/224301713174
180,티비이전설치,6,수도권,동탄퍼스트파크 무타공 벽걸이티비설치 거실을 더 넓고 품격... | 동탄 메타폴리스 무타공 벽걸이티비설치 랜드마크의 품격에... | 동탄 NHF 엘크루 무타공 벽걸이티비설치 쫄대 없는 완전한...,https://blog.naver.com/saedongnae/224301775119 | https://blog.naver.com/saedongnae/224301716659 | https://blog.naver.com/saedongnae/224301713174
181,파주맛집추천,6,가볼만한곳|데이트|핫플,비와별닭갈비 신세계프리미엄아울렛 파주직영점 파주 운정... | (경기/ 파주) 연리희재 파주 | 개성주악 포장 맛집 후기 | 파주맛집 바그 파주본점 | 유명한 이유가 있는 수제버거 맛집,https://blog.naver.com/okchoi36/224301821926 | https://blog.naver.com/rkdud062611/224301763677 | https://blog.naver.com/hyeshtag-/224301734730
182,포천 가볼만한곳,6,가볼만한곳,[포천 카페] 주말 나들이로 딱! 카이막이 정말 맛있었던... | 포천 당일치기여행 가볼만한곳 ｜낭만닥터 김사부 산정호수... | 포천 한탄강 가든 페스타 어후 입장 | 평일 방문 꿀팁 | 개화현황...,https://blog.naver.com/godblackmoon/224301821853 | https://blog.naver.com/5ggam_v/224301753979 | https://blog.naver.com/masisseo-/224301764070
183,합니다,6,가볼만한곳|나들이|주말|핫플|후기,"[서울 신설동] 신설동역 마파두부 만두 맛집, King수제만두 | 보테가베네타 미니 조디백 651876VCPP5 2127감각적인 청키... | IBK징검다리론 완벽 가이드 종류 특징 주의사항까지",https://blog.naver.com/wjsrkdms9/224301828825 | https://blog.naver.com/bellonegozio/224301821814 | https://think-tank.tistory.com/658
184,6월축제,5,가볼만한곳|핫플,"당진 또봄면천 축제 6월 13~14일, 성곽길 달리기부터 카더가든... | [강진 가볼만한곳 ] 초여름의 싱그러운 낭만, 제3회... | 양평 힐링 여행, 황금빛 밀밭 속으로 ""2026 양평밀 축제"" 일정.",https://blog.naver.com/journalism/224301767792 | https://blog.naver.com/dee7781/224301626185 | https://blog.naver.com/moonlight_800/224298383072
185,가족외식추천,5,가볼만한곳|핫플,거북섬 맛집 바다뷰 강도령막칼국수 본점 해물칼국수... | 서울 더현대 화덕피자 라구파스타 후기 | 강원도 평창 알펜시아 근처 맛집 - 황태요리전문점 황태덕장,https://blog.naver.com/breadtextre/224301807265 | https://blog.naver.com/fvivian/224301739814 | https://blog.naver.com/jsj90100/224301707710
186,감성여행,5,가볼만한곳|핫플,"통영 카페 추천, 바다 풍경이 머무는 감성 여행 코스 가이드 | 청송 주왕산 여행코스 천년고찰 대전사 다녀온 후기 | 마음이... | travel | 나홀로 후쿠오카 여행",https://blog.naver.com/2sunshines/224300967639 | https://blog.naver.com/qkfalfl0207/224301791010 | https://blog.naver.com/lovjjeong/224301690169
187,강릉 핫플,5,핫플,"4월 강릉여행 | 강릉 주문진 디저트 카페 순두부 젤라또, 도깨비 촬영지 근처 카페 | 강릉 빵지순례 필수 코스✨ 구움과자 맛집 임당동162 이 집...",https://blog.naver.com/dototo_/224301829408 | https://blog.naver.com/lifesaver999/224301722935 | https://blog.naver.com/sohee9710/224301705736
188,강원도맛집,5,가볼만한곳|핫플,"강원도 평창 알펜시아 근처 맛집 - 황태요리전문점 황태덕장 | 속초 중앙시장 누룽지오징어순대 맛집 [서민갑부 똑이네 튀김]... | 원주 단계동 맛집 스위트오크,여전히 맛있는 바베큐 맛집",https://blog.naver.com/jsj90100/224301707710 | https://blog.naver.com/wryongmii/224301631236 | https://blog.naver.com/harukey200/224301584315
189,경주,5,가볼만한곳|데이트|전시,"경주 가볼 만한 곳 , 경주루지월드에서 짜릿한 경험을! | 경주루지월드, 경주 놀거리로 가족과 함께 하는 특별한 체험! | 첫 루지 체험, 경주 카트와 경주루지월드에서의 특별한 날",https://blog.naver.com/song970923/224301819494 | https://blog.naver.com/tjfgmlsla9/224301788578 | https://blog.naver.com/rotozl-872/224301809838
190,경주데이트,5,가볼만한곳|핫플,"하동 저수지 풍경을 품은 경주 한옥카페, 바실라 | 경주 가볼 만한 곳 , 경주루지월드에서 짜릿한 경험을! | 경주 1박 2일, 먹고 쉬고 걷고 다 한 여행",https://blog.naver.com/ghkdls291/224301826556 | https://blog.naver.com/song970923/224301819494 | https://blog.naver.com/godahrgo_838/224301788494
191,광주맛집추천,5,핫플,광주오리맛집 매월동맛집 매월농원 오리숯불구이 내돈내산 후기 | 광주 양림동 맛집 유소바 양림본점 안키모동 자루소바 후기 | [광주 송정역 맛집] '시장국밥' 전현무계획3도 반한 30년 전통...,https://blog.naver.com/artart5959/224301711847 | https://blog.naver.com/hehi1_/224301694921 | https://blog.naver.com/geolsb/224301662775
192,국밥맛집,5,나들이|데이트|핫플,"덕양구 맛집 신원동 국밥 찾는다면, 맑은 국물 제대로인... | 을지로 맛집 곰탕 백옥 을지로 점심에도 저녁에도 훌륭한 식당 | 울산 중구 구역전시장 구경하고 장터국밥까지, 나의 주말 아침...",https://blog.naver.com/seh0204_/224301819026 | https://blog.naver.com/cabotin_8494/224301767395 | https://blog.naver.com/wms9774/224301778233
193,군산 핫플,5,핫플,"[군산시카고피자맛집]군산아기랑맛집/군산피자맛집... | 군산 대장봉 여행 후기 숨은 차오르지만, 눈은 끝없이... | [군산 맛집] 입소문 자자한 '명가서울소바'",https://blog.naver.com/heeeezy1030/224301712075 | https://blog.naver.com/j3837/224301645421 | https://blog.naver.com/leemikyong54/224301615423
194,규슈온천여행,5,가볼만한곳,유후인 료칸 오카에리 (Yufuin Ryokan Okaeri) AGODA... | 유후인 료칸 노기쿠 (Yufuin Ryokan Nogiku) AGODA 아고다... | 유후인 온천 호텔 슈호칸 (Yufuin Hotel Shuhokan) AGODA...,https://blog.naver.com/agoda_klook_/224301815496 | https://blog.naver.com/agoda_klook_/224301810520 | https://blog.naver.com/agoda_klook_/224301805924
195,남양주 가볼만한곳,5,가볼만한곳,남양주 대형카페 카페인퀸스 맛있는 브런치 북한강뷰 | 서울근교야외바베큐장추천) 남양주 덕소 어화천에서 즐거운... | [남양주] 테이블스 라운지,https://blog.naver.com/haha52494/224301826735 | https://blog.naver.com/hyunj_jj/224301808368 | https://blog.naver.com/seoyoung9595/224301749239
196,내집마련,5,수도권|핫플,"아이 많은 동네로 인프라가 몰린다, 신혼부부와 가족들이... | [2026 하반기 청약 필독] 분양가는 쏙 빼고 1군 브랜드는... | 아파트 전세대란 속 비아파트 공급 대책, 제2의...",https://blog.naver.com/bbosik30/224300444780 | https://blog.naver.com/producer77/224301692673 | https://blog.naver.com/yptown/224301642783
197,대구,5,데이트|방문|오늘|핫플,"☀️ 2026년 5월 31일 18:32 KST · 기상청 5/31 17:00 기준... | 대구 빙수맛집 동성로카페 바닐라크럼브 양쯔깐루빙수... | 대구·경북 헌책 수거, 중고책 매입, LP·CD·DVD 수거 전문",https://blog.naver.com/qwer202603/224301832747 | https://blog.naver.com/whtnrud19/224301828285 | https://blog.naver.com/wlcjsaus/224301823530
198,대구 가볼만한곳,5,가볼만한곳,동성로 카페 중 요즘 제일 핫한 수플레 맛집 “카페골덴” 솔직... | 대구연극 <타임> 6월2일(화) 공연취소 | 대구 서구 애견카페 젠틀펫 | 강아지와 힐링한 방문 후기,https://blog.naver.com/baegopayomm/224301829054 | https://blog.naver.com/artplustheater/224301819039 | https://blog.naver.com/large0913/224301810333
199,대전데이트코스,5,가볼만한곳|핫플,"｜봉명동 대전 핫플 , 대전 혼술바 '잔소리 봉명점' | 대전 시청역 맛집, 키츠네유부 입안 가득 터지는 풍미 가득 대왕... | 대전 카페 모도시, 귀여운 디저트에 반하고 맛에 두 번 반한 곳",https://blog.naver.com/shrimpssong/224301819009 | https://blog.naver.com/kht502579/224301630267 | https://blog.naver.com/kwj1532/224301582748
200,대전맛집추천,5,가볼만한곳|핫플,"대전신세계맛집! “경성중식”신세계백화점 대전점... | 선화동 태국음식 맛집 잇마이타이, 현지 느낌 가득한 신상 맛집 | 대전 시청역 맛집, 키츠네유부 입안 가득 터지는 풍미 가득 대왕...",https://blog.naver.com/hyoteang/224301773401 | https://blog.naver.com/lsy949494/224301690205 | https://blog.naver.com/kht502579/224301630267