rank,category,region,post_count,seed_count,score,seeds,sample_titles,sample_links
1,food,부산,292,13,770.6,맛집|점심맛집|저녁맛집|맛집추천|내돈내산맛집|핫플맛집|가볼만한곳|여행코스|당일치기|국내여행|국내여행추천|서울맛집|주말여행,"부산동래 맛집 센교 회전초밥 맛집 아이랑갈만한식당 부산회전초밥|당감동 맛집 ] 오로지 족발 메인 하나 있는 줄서는 족발 맛집 ...|부산금정구 맛집 , 훌륭한 마블링과 육질이라 맛있었던...|부산 당감동 고깃집 소갈비살 전문점 <안락정> 내돈내산 간단후기|부산 수영역 맛집",https://blog.naver.com/kanghee225-/224301878791|https://blog.naver.com/br_jjeong/224301878420|https://blog.naver.com/avra1004/224301875745|https://blog.naver.com/hyunjinshe/224301875755|https://blog.naver.com/hye0_0young/224301874642
2,domestic_travel,부산,281,13,741.58,맛집|맛집추천|내돈내산맛집|점심맛집|여행코스|핫플맛집|저녁맛집|가볼만한곳|당일치기|국내여행|국내여행추천|주말여행|서울근교여행,"부산 남포동 부평깡통시장/60년광복동김치국수/시한폭탄 국수...|대연동 고깃집 푸주인, 분위기 좋은 데이트·회식 맛집 (다...|[부산] 부산 택슐랭 오픈세레머니 후기(?)|부산완당 부산 맛집 해운대수목원 맛집 88완당 반송본점 완당...|해월가 집처럼 편안한 부산서면펜션",https://blog.naver.com/dmqlc1080/224301873826|https://blog.naver.com/sydney324515/224301869551|https://blog.naver.com/swi_m_good/224301866696|https://blog.naver.com/ssxbxx/224301865272|https://blog.naver.com/djaak9996/224301650239
3,food,대구,210,13,554.2,맛집|내돈내산맛집|핫플맛집|저녁맛집|가볼만한곳|점심맛집|맛집추천|여행코스|당일치기|서울맛집|국내여행|국내여행추천|주말여행,대구 반월당 스시 맛집 더현대 스시준~ 14년 단골 맛집 !|대구 한식 맛집 에서 전복 솥밥의 깊은 맛을 느껴보는 법...|빙고래 대구대명점|대구 명덕역 카페 빙수 맛집|[화순] 포르코로쏘,https://blog.naver.com/jaenacon79/224301878341|https://blog.naver.com/tp_ojun_xty34/224301878078|https://blog.naver.com/seyom__/224301876245|https://blog.naver.com/yaeyae614/224301875914|https://lefthusband.tistory.com/610
4,domestic_travel,제주,182,14,492.87,맛집|맛집추천|핫플맛집|점심맛집|저녁맛집|국내여행|국내여행추천|가볼만한곳|여행코스|내돈내산맛집|서울맛집|당일치기|서울근교여행|주말여행,제주시청 맛집 야끼니꾸 와사비 추천|유돈 제원노형점|제주 야키토리 이자카야 맛집 추천 솔직후기|[2026 국내여행 / 제주도] 유럽 스냅 촬영 후 급 제주도로...|흑돼지 맛집,https://blog.naver.com/heeyeon415/224301878610|https://blog.naver.com/yeoneo_1/224301874564|https://blog.naver.com/1ssuny_day_in_june/224301872324|https://blog.naver.com/novibe/224301869025|https://blog.naver.com/ellyluv00/224301868363
5,food,제주,173,13,456.56,맛집|맛집추천|여행코스|저녁맛집|가볼만한곳|핫플맛집|점심맛집|국내여행|국내여행추천|내돈내산맛집|서울맛집|당일치기|주말여행,"충주 맛집 칠금동 맛집 먹어보면 뒷일 책임 못 진다는 소고기...|제주시청 맛집 야끼니꾸 와사비 추천|제주 빵지순레 프랑스 디저트 맛집 콜롱주|강릉 4인 가족여행 (1) 대관령양떼목장, 제주해인물회, 고고횟집|제주도연동 맛집 카와루라멘 목포본점 신선한 재료로 만든 일본...",https://blog.naver.com/jny0955/224301878698|https://blog.naver.com/heeyeon415/224301878610|https://blog.naver.com/mungko112/224301877701|https://blog.naver.com/ssal_goo/224301877235|https://blog.naver.com/oooaoooaooo/224298740475
6,domestic_travel,인천,166,14,449.54,맛집|맛집추천|점심맛집|저녁맛집|여행코스|가볼만한곳|내돈내산맛집|핫플맛집|당일치기|서울맛집|국내여행|국내여행추천|주말여행|서울근교여행,"송도 맛집 추천 삼교리동치미막국수 인천송도점 들기름막국수...|인천 영종도 베이글 맛집 , 바다 보며 즐기는 엉클베어베이글...|운서역 전자담배 추천, 액상 종류 많은 보루 인천운서점 방문 후기|청라쭈꾸미 맛집 가족모임 식사 추천 쭈꾸미명가|[영종도 가볼만한곳] 서해 바다 뷰에 반하고 27가지...",https://blog.naver.com/blossom_camper/224301876474|https://blog.naver.com/lttae/224301875421|https://blog.naver.com/ys__1011/224301869378|https://blog.naver.com/proudbali/224301867283|https://blog.naver.com/loveys0517/224301863811
7,domestic_travel,가평,164,13,432.81,맛집|내돈내산맛집|점심맛집|저녁맛집|국내여행|여행코스|국내여행추천|맛집추천|가볼만한곳|핫플맛집|주말여행|서울근교여행|당일치기,@운악채한옥마을 가평 : 한옥 독채 단층형 내돈내산 2박 9호실...|가평설악점에서 정성 가득한 한식으로 설악면 맛집추천 합니다|후기|자가제면 칼국수와 잣 콩국수가 맛있는 가평칼국수 맛집|[경기/가평]르봉뺑:가평 빵집 가평 로컬빵집 가평 맛집추천 ...,https://blog.naver.com/hagd_ay/224301858551|https://blog.naver.com/k77mmmm/224301847375|https://blog.naver.com/hoshea1/224301838254|https://blog.naver.com/congsssi/224301768878|https://blog.naver.com/jmh9924/224301700107
8,food,강남,166,11,412.49,맛집|핫플맛집|저녁맛집|맛집추천|점심맛집|가볼만한곳|내돈내산맛집|여행코스|서울맛집|국내여행|당일치기,청담동카페 데바스테이트 늦은 밤에도 좋은 로스터리 커피 맛집|[압구정피자] 압구정역 데이트 맛집 노모어피자에서 즐긴 피맥...|청담동카페 추천 커피 좋아한다면 데바스테이트는 꼭 가보세요|데바스테이트|청담 로스터리 감성 가득한 커피 맛집 후기,https://blog.naver.com/eianna00/224301879612|https://blog.naver.com/eunrolove/224301878649|https://blog.naver.com/king45111/224301878379|https://blog.naver.com/ellyluv00/224301877433|https://blog.naver.com/straight11111/224301875397
9,food,인천,148,14,400.79,맛집|저녁맛집|여행코스|맛집추천|점심맛집|가볼만한곳|내돈내산맛집|핫플맛집|당일치기|서울맛집|국내여행|국내여행추천|주말여행|서울근교여행,"[부평 맛집 ] 세븐스플로어, 추억 가득한 부평역레스토랑에서...|송도 맛집 추천 삼교리동치미막국수 인천송도점 들기름막국수...|[인천 / 부평구] 장어 맛집 소금빛 풍천장어 / 몸보신 보양식 추천|인천 영종도 베이글 맛집 , 바다 보며 즐기는 엉클베어베이글...|[인천 연수구 맛집 ] 가성비 터지는 11,000원 한식뷔페...",https://blog.naver.com/fogperson/224301878929|https://blog.naver.com/blossom_camper/224301876474|https://blog.naver.com/soob_ni/224301875119|https://blog.naver.com/lttae/224301875421|https://blog.naver.com/annafit1/224301874173
10,food,광주,128,14,346.63,맛집|핫플맛집|내돈내산맛집|저녁맛집|맛집추천|가볼만한곳|점심맛집|국내여행|당일치기|국내여행추천|여행코스|서울맛집|주말여행|서울근교여행,경기광주핫플 맛집 고구려에서 자연 품고 즐기는 든든한 보양식...|광주 야장 해방촌 :: 포장마차 감성 찐 맛집 / 뼈찜세트 추천 후기|경안동 맛집 장작꾼 후기 경안동에서 저녁 먹을 곳을 찾다가...|담양아이리니펜션/담양펜션/메타프로방스/개구리 생태공원|[남한산성 맛집 /광주 맛집 /낙선재] 남한산성 최고의 한정식 맛집 ...,https://blog.naver.com/okvovjj/224301877850|https://blog.naver.com/eunkiko/224301876944|https://blog.naver.com/zzzzlucylu/224301874592|https://blog.naver.com/santorini-8/224301873504|https://blog.naver.com/menumeeting/224301871897
11,domestic_travel,대구,134,12,343.7,맛집|핫플맛집|저녁맛집|가볼만한곳|맛집추천|내돈내산맛집|여행코스|점심맛집|당일치기|국내여행|국내여행추천|주말여행,"대구 동성로카페 애견동반카페 무던|논공양꼬치 맛집 원흠양꼬치참숯구이에서 제대로 먹고 온 후기|김광석거리 맛집 , 대봉동 생고기 맛있는 방천생고기|보길도1988 칠성본점에서 만나는 대구 솥밥의 따뜻한 바다...|대구 상인동 분식 맛집 심야매점 1번세트와 염통의 환상조합",https://blog.naver.com/whtnrud19/224301873934|https://blog.naver.com/qowlstjr119/224301872358|https://blog.naver.com/ym0in/224301868825|https://blog.naver.com/hyperhub3409/224301867986|https://blog.naver.com/young_a917/224301867655
12,food,대전,130,13,343.08,맛집|가볼만한곳|저녁맛집|맛집추천|핫플맛집|내돈내산맛집|여행코스|점심맛집|당일치기|국내여행|주말여행|국내여행추천|서울맛집,"대전 유성 장어 맛집 , 기력 보충하러 간 갑동숯불민물장어|대전브런치 포크앤피클스 감성 맛집 후기|도안동 물회 맛집 대전물회 활어회부터 물회까지 만족했던 곳|[대전] 대흥동 과일 한 가득 크레이프롤 맛집 ‘올드하우스’|대전 유성 맛집 삼겹살 전주하우스 솥뚜껑 생삼겹살 후기",https://blog.naver.com/kn0320/224301879553|https://blog.naver.com/suji905/224301876834|https://blog.naver.com/limjuri28/224301876534|https://blog.naver.com/doridori_min2/224301876461|https://blog.naver.com/twinkle_woona/224301870368
13,food,성수,127,13,335.16,맛집|점심맛집|맛집추천|내돈내산맛집|핫플맛집|저녁맛집|서울맛집|가볼만한곳|국내여행|당일치기|국내여행추천|주말여행|여행코스,"성수 메가박스 상영시간표 예매 주차정보 요약정리|서울성수동 맛집 파작 북성수점 감각적인 샌드위치 맛집|제주 애월 카페 추천 지브리 감성 요거트볼과 치아바타 맛집 ...|3-5월|성수동 맛집 라멘과 토마토의 만남, 멘야포모 성수점",https://lefthusband.tistory.com/607|https://blog.naver.com/wowhow112/224298516512|https://blog.naver.com/inzero8/224301874058|https://blog.naver.com/jsh020610/224301870203|https://blog.naver.com/mbjt2351/224301866638
14,food,종로,124,11,308.13,맛집|점심맛집|저녁맛집|내돈내산맛집|맛집추천|가볼만한곳|핫플맛집|서울맛집|당일치기|국내여행|여행코스,"종로 회식/광화문 회식/광화문 생선구이 잘하는 집 (정백어가...|[5월] 이제는 더이상 물러날 곳이 없다|종각 회식장소 찾는다면 프라이빗 룸으로 편하게 즐기는 종각...|서울 종로 광화문 직장인 맛집 카페 렛잇비 청계천 데이트...|종로방앗간 참기름, 들기름 맛집 ㅣ해동기름집",https://blog.naver.com/ypyp_11/224301879000|https://blog.naver.com/laver_ji/224301879098|https://blog.naver.com/csok3995/224301872379|https://blog.naver.com/melodyline-/224301872128|https://blog.naver.com/doeatlipa/224301869626
15,domestic_travel,대전,113,12,289.84,맛집|가볼만한곳|내돈내산맛집|맛집추천|핫플맛집|여행코스|점심맛집|국내여행|주말여행|당일치기|국내여행추천|서울근교여행,"대전브런치 포크앤피클스 감성 맛집 후기|대전 유성 맛집 삼겹살 전주하우스 솥뚜껑 생삼겹살 후기|장원갑 칼국수_대전 칼국수 맛집 , 대전 은행동 맛집|한화 이글스 노시환도 다니는 대전 하루두피 후기, 대전...|대전 롯데백화점 성심당 망고시루 주말 오픈런 후기 웨이팅...",https://blog.naver.com/suji905/224301876834|https://blog.naver.com/twinkle_woona/224301870368|https://blog.naver.com/codud9573/224301868830|https://blog.naver.com/mha0715/224301867744|https://blog.naver.com/z4272z/224301865746
16,domestic_travel,강릉,109,13,287.66,맛집|맛집추천|내돈내산맛집|핫플맛집|저녁맛집|가볼만한곳|여행코스|국내여행|국내여행추천|당일치기|점심맛집|주말여행|서울근교여행,[강릉 여행지 숙소 추천] 에이치에비뉴호텔 강릉경포점...|[강릉 맛집 ] 강릉이정태수제갈... 터지는 현지인 추천 강릉 고기집|강릉감자닭강정 중앙시장 포장 후기 강릉 맛집 추천|강릉 중국집 현지인 맛집 궁짬뽕 강문동 맛집 에서 즐긴 얼큰한...|강릉 이모네생선찜 예약 전쟁 끝에 다녀온 솔직 후기,https://blog.naver.com/lettuce030904/224293269658|https://blog.naver.com/wntjddml1/224300312135|https://blog.naver.com/editorc/224301823035|https://blog.naver.com/sj1978nur/224301784593|https://blog.naver.com/ddhhn/224301764025
17,food,수원,101,14,273.51,맛집|내돈내산맛집|저녁맛집|여행코스|맛집추천|핫플맛집|가볼만한곳|점심맛집|당일치기|서울근교여행|서울맛집|국내여행|국내여행추천|주말여행,행궁동빙수 카페딩동 호텔망고빙수를 가성비있게|수원 행궁동 데이트 감성 숙소 추천|하루 종일 쉬기 좋았던...|5월 문화활동 기록|수지구 맛집 성복역 왓더버거 직화통새우버거 고기듬뿍...,https://blog.naver.com/soda_ne/224301875442|https://blog.naver.com/sssony_/224301874562|https://blog.naver.com/widebalance/224301873196|https://blog.naver.com/lifemhk3535/224301873169|https://blog.naver.com/0318wldudths/224301872263
18,food,용산,95,12,243.67,맛집|맛집추천|저녁맛집|점심맛집|서울맛집|당일치기|가볼만한곳|여행코스|핫플맛집|내돈내산맛집|주말여행|국내여행추천,"용산 맛집 으로 좋은 육화연 남영본점 솔직 후기|5月-4 홍성 여행 비스트로노이, 크림하우스, 브라운도트호텔...|[용산찐 맛집 !!] 최가네... 25년 전통 숯불 향 가득한 용산찐 맛집|경주 불국사 당일치기 여행 코스 추천 경북 6월 가볼만한 곳...|용산 삼각지 스크린파크골프장 예약·요금·코스·주차 한번에...",https://blog.naver.com/solsolrarar/224301879357|https://blog.naver.com/pinkorpurple/224301878845|https://blog.naver.com/gaeulakio/224299800167|https://blog.naver.com/itoy51/224301876980|https://blog.naver.com/world_10004/224301873849
19,domestic_travel,광주,87,14,235.6,맛집|내돈내산맛집|저녁맛집|맛집추천|가볼만한곳|점심맛집|핫플맛집|국내여행|당일치기|국내여행추천|여행코스|서울맛집|주말여행|서울근교여행,광주 야장 해방촌 :: 포장마차 감성 찐 맛집 / 뼈찜세트 추천 후기|경안동 맛집 장작꾼 후기 경안동에서 저녁 먹을 곳을 찾다가...|담양아이리니펜션/담양펜션/메타프로방스/개구리 생태공원|기본 밑반찬이 푸짐한 삼겹살 맛집 수완지구 득량집 방문 후기|맛집 고구려 솔직 후기! 가족 외식으로 만족했던 한정식 맛집,https://blog.naver.com/eunkiko/224301876944|https://blog.naver.com/zzzzlucylu/224301874592|https://blog.naver.com/santorini-8/224301873504|https://blog.naver.com/qldkek646/224301865667|https://blog.naver.com/dnvmfpeh/224301835300
20,food,강릉,88,13,232.24,맛집|맛집추천|내돈내산맛집|핫플맛집|저녁맛집|가볼만한곳|여행코스|국내여행|국내여행추천|당일치기|점심맛집|주말여행|서울근교여행,"돼지곱창전골과 야채곱창, 강릉 맛집 의 의외의 진수를 발견하다|강릉 4인 가족여행 (1) 대관령양떼목장, 제주해인물회, 고고횟집|강릉 옥수수크림라떼 갤러리밥스 솔직 후기|[강릉 여행지 숙소 추천] 에이치에비뉴호텔 강릉경포점...|[강릉 맛집 ] 강릉이정태수제갈... 터지는 현지인 추천 강릉 고기집",https://blog.naver.com/drjmviwsko380/224301878139|https://blog.naver.com/ssal_goo/224301877235|https://blog.naver.com/lily7307/224301872616|https://blog.naver.com/lettuce030904/224293269658|https://blog.naver.com/wntjddml1/224300312135
21,food,가평,88,13,232.24,맛집|점심맛집|내돈내산맛집|저녁맛집|국내여행|여행코스|국내여행추천|맛집추천|가볼만한곳|당일치기|핫플맛집|서울근교여행|주말여행,가평 맛집 [드림닭갈비] 100퍼센트 닭다리살과 잣이 만난 철판...|@운악채한옥마을 가평 : 한옥 독채 단층형 내돈내산 2박 9호실...|가평설악점에서 정성 가득한 한식으로 설악면 맛집추천 합니다|춘천 남이섬 배편 시간표 요금 서비스 정보확인|후기,https://blog.naver.com/yoon852585/224301869325|https://blog.naver.com/hagd_ay/224301858551|https://blog.naver.com/k77mmmm/224301847375|https://bluebeat.tistory.com/246|https://blog.naver.com/hoshea1/224301838254
22,domestic_travel,전주,77,14,208.52,맛집|맛집추천|내돈내산맛집|저녁맛집|핫플맛집|국내여행|가볼만한곳|여행코스|국내여행추천|당일치기|점심맛집|서울맛집|주말여행|서울근교여행,전주 서신동 맛집 추천 남돈가 초벌 삼겹살 솔직후기...|대전 유성 맛집 삼겹살 전주하우스 솥뚜껑 생삼겹살 후기|전주제면소 전주 배달 맛집 하가지구 냉면 추천|[전주 여행] 전주한옥마을 둘러보고 주차 편한 객사...|전주국제영화제를 곁들인 전주 1박2일 여행코스 맛집 추천,https://blog.naver.com/banker_hs83/224301876661|https://blog.naver.com/twinkle_woona/224301870368|https://blog.naver.com/iisldkqwlke/224301863097|https://blog.naver.com/soohye__/224301857368|https://blog.naver.com/oriooi/224301845324
23,domestic_travel,성수,79,13,208.49,맛집추천|내돈내산맛집|핫플맛집|점심맛집|저녁맛집|서울맛집|가볼만한곳|국내여행|국내여행추천|당일치기|주말여행|서울근교여행|여행코스,"성수 맛집 미쁘동 성수 방문 후기｜비주얼 끝판왕 토마토연어국수|성수 서울숲 맛집 “미테이블 성수본점” (주차, 웨이팅)|[서울/성동구]N번째 방문 성수 햄버거 맛집 “보어드앤헝그리...|[냠냠] 성수동 겉바속촉 끝판왕! '규카츠정' 노른자 톡 터지는...|가락시장 횟집 맛집 장성수산, 스끼다시 계절 오마카세 회 포장...",https://blog.naver.com/hj1021_song/224301850467|https://blog.naver.com/lisianthus0330/224301814739|https://blog.naver.com/sunjukitty/224301812894|https://blog.naver.com/hymi326/224301771895|https://blog.naver.com/minji_b21/224301733490
24,food,잠실,83,10,199.03,맛집|맛집추천|내돈내산맛집|점심맛집|저녁맛집|가볼만한곳|서울맛집|핫플맛집|국내여행|국내여행추천,"잠실새내역 점심 추천!!|용호동낙지 롯데월드몰 잠실 내돈내산|잠실 맛집 오마카세 코스가 이렇게 좋을 줄, 스시이세이...|잠실새내 야구중계 맛집 쭈꾸미삼대장 대창 대패삼겹 조합 후기|잠실 송파 새내 잠실새내 전자담배 베이프갱스터 잠실새내점...",https://blog.naver.com/chltngus8/224301878574|https://blog.naver.com/todaycarpediem/224301878495|https://blog.naver.com/narangg02-/224301878014|https://blog.naver.com/dazzling1992/224301876079|https://blog.naver.com/gudtjr3404/224301873293
25,domestic_travel,강남,75,13,197.93,맛집|핫플맛집|저녁맛집|맛집추천|점심맛집|가볼만한곳|내돈내산맛집|여행코스|서울맛집|국내여행|주말여행|당일치기|서울근교여행,청담동카페 데바스테이트 늦은 밤에도 좋은 로스터리 커피 맛집|[압구정피자] 압구정역 데이트 맛집 노모어피자에서 즐긴 피맥...|청담동카페 추천 커피 좋아한다면 데바스테이트는 꼭 가보세요|데바스테이트|청담 로스터리 감성 가득한 커피 맛집 후기,https://blog.naver.com/eianna00/224301879612|https://blog.naver.com/eunrolove/224301878649|https://blog.naver.com/king45111/224301878379|https://blog.naver.com/ellyluv00/224301877433|https://blog.naver.com/ggaeb_ee/224301872444
26,domestic_travel,경주,77,12,197.5,맛집|맛집추천|당일치기|가볼만한곳|여행코스|내돈내산맛집|핫플맛집|국내여행|국내여행추천|저녁맛집|주말여행|서울근교여행,"경주 불국사 당일치기 여행 코스 추천 경북 6월 가볼만한 곳...|깊고 진한 국물의 매력,경주쌀국수 맛집 포비엣 추천!!|[식당] '대패제패' 충효동 맛집 별로 없는데 여기가 충효동 맛집 ...|경주 서부동 빵집 이재원 과자공방|경주 케이크 가성비 솔직...",https://blog.naver.com/itoy51/224301876980|https://blog.naver.com/yurimi00/224301861402|https://blog.naver.com/kdaday/224301785443|https://blog.naver.com/hmj448/224301783472|https://blog.naver.com/kekemen84/224301774123
27,food,파주,72,14,194.98,맛집|저녁맛집|점심맛집|가볼만한곳|내돈내산맛집|맛집추천|핫플맛집|당일치기|여행코스|서울맛집|국내여행|서울근교여행|국내여행추천|주말여행,"운정 정육점 추천! 파주축산물도매센터에서 한우 채끝등심...|운정 카레 맛집 소코아... 연어덮밥(운정 홈플러스 맛집 )|[파주] 봉평막국수 - 비빔막국수 양념이 진~짜 유니크하고...|[남양주 호평동 맛집 ] 파주닭국수 호평점, 진한 들깨닭국수와...|파주 카페 추천 흑사당 아이랑 데이트하기 좋은 도넛 디저트",https://blog.naver.com/anggorani/224301878131|https://blog.naver.com/positivefocus/224301873103|https://blog.naver.com/theothersideofmoon/224299135477|https://blog.naver.com/shinskylove/224301868221|https://blog.naver.com/taenieieie/224301863486
28,food,홍대,84,9,193.42,맛집|저녁맛집|맛집추천|핫플맛집|서울맛집|가볼만한곳|점심맛집|내돈내산맛집|국내여행,"[연남] 센트럴사이트|핸드드립 커피와 티라미수 맛집 ...|사랑한다는 단어로는 부족하다|홍대 곱창 맛집 뿔난황소곱창 홍대점, 곱창부터 볶음밥까지...|홍대무한리필 가성비 최고 회전초밥 맛집 '홍대스시오...",https://blog.naver.com/kkkiikkkii/224301873018|https://blog.naver.com/0207jisoo/224301867403|https://blog.naver.com/fbehddns/224301864261|https://blog.naver.com/msdhi/224301862374|https://blog.naver.com/prinj97/224301861826
29,domestic_travel,파주,73,13,192.65,맛집|내돈내산맛집|가볼만한곳|맛집추천|핫플맛집|점심맛집|당일치기|여행코스|서울맛집|국내여행|서울근교여행|국내여행추천|주말여행,파주 카페 추천 흑사당 아이랑 데이트하기 좋은 도넛 디저트|[파주] 파주 데이트 코스 추천! 분위기 좋은 앤틱 레스토랑...|파주직영점 파주 운정 맛집 쇼핑과 미식의 완벽한 조화|(경기/ 파주) 연리희재 파주|개성주악 포장 맛집 후기,https://blog.naver.com/taenieieie/224301863486|https://blog.naver.com/jungssolove/224301861938|https://blog.naver.com/okchoi36/224301821926|https://blog.naver.com/rkdud062611/224301763677|https://blog.naver.com/hyeshtag-/224301734730
30,food,전주,71,14,192.27,맛집|내돈내산맛집|맛집추천|저녁맛집|점심맛집|핫플맛집|국내여행|가볼만한곳|여행코스|국내여행추천|당일치기|서울맛집|주말여행|서울근교여행,"대전 유성 장어 맛집 , 기력 보충하러 간 갑동숯불민물장어|<전주 맛집 > 아중리 오가네 닭강정(내돈내산, 인생치킨을 만나다)|전주 서신동 맛집 추천 남돈가 초벌 삼겹살 솔직후기...|[전주 맛집 ] 세련된 공간, 깊은 맛의 양식 다이닝 와인바...|대전 유성 맛집 삼겹살 전주하우스 솥뚜껑 생삼겹살 후기",https://blog.naver.com/kn0320/224301879553|https://blog.naver.com/style3v/224301877113|https://blog.naver.com/banker_hs83/224301876661|https://blog.naver.com/heyyj25/224301870964|https://blog.naver.com/twinkle_woona/224301870368
31,domestic_travel,수원,71,13,187.37,맛집|저녁맛집|여행코스|맛집추천|점심맛집|가볼만한곳|내돈내산맛집|핫플맛집|국내여행|당일치기|국내여행추천|주말여행|서울근교여행,수원 행궁동 데이트 감성 숙소 추천|하루 종일 쉬기 좋았던...|수원데이트 여행코스 ㅣ한라면옥 수원인계점 맛집 ㅣ...|수원 스타필드 인근 석암생소금구이 맛집 탐방|안주 맛있는 인계동 술집 추천 [제일회관 인계직영점] 단체모임...,https://blog.naver.com/sssony_/224301874562|https://blog.naver.com/hello_1010_/224301871803|https://blog.naver.com/wyfri530/224295253594|https://blog.naver.com/alwaysjmt/224301870107|https://blog.naver.com/vincent2gogh/224301862930
32,domestic_travel,춘천,69,14,186.86,맛집|저녁맛집|점심맛집|맛집추천|서울맛집|당일치기|내돈내산맛집|핫플맛집|여행코스|국내여행|국내여행추천|가볼만한곳|서울근교여행|주말여행,"즐먹24 닭갈비밀키트 후기, 집에서 즐기는 춘천닭갈비|춘천 석사동 맛집 ｜배달로만 먹다가 결국 방문한 뚱땡이 쪽갈비|용산 맛집 오근내 닭갈비... 타이밍 추천 3인 메뉴 조합 총정리...|[춘천/퇴계동/ 맛집 ] 장터왕족발｜춘천 족발 맛집 장터왕족발...|[춘천 효자동] 춘천 법원 맛집 , 중식 맛집 진짬뽕 진짜장",https://blog.naver.com/kmww234/224301877111|https://blog.naver.com/ykk9720111/224301858092|https://blog.naver.com/natamong/224301751982|https://blog.naver.com/mylife12345/224301746876|https://blog.naver.com/godjw486/224301746591
33,food,경주,68,14,184.15,맛집|맛집추천|당일치기|가볼만한곳|여행코스|저녁맛집|점심맛집|내돈내산맛집|핫플맛집|국내여행|국내여행추천|서울맛집|주말여행|서울근교여행,"경주 불국사 당일치기 여행 코스 추천 경북 6월 가볼만한 곳...|2025년 직장인을 위한 경주 1박 2일 코스 완벽 가이드 5가지|MAY, 2026 (마산/통영/거제/경주/포항)|강아지랑 함께 안동-경주 여행기(2박 3일)|경주 보문단지 맛집 맛자랑 불국사 근처 한정식 맛집 돌솥정식...",https://blog.naver.com/itoy51/224301876980|https://dwqn.tistory.com/236|https://blog.naver.com/seulmizi/224301874024|https://blog.naver.com/eat-eat-eat/224301870402|https://blog.naver.com/mmmu14/224301868528
34,food,을지로,77,9,177.3,맛집|맛집추천|점심맛집|저녁맛집|서울맛집|핫플맛집|내돈내산맛집|가볼만한곳|여행코스,"본점 지하 푸드코트 맛집 '양재옥'|돼지 곰탕 막국수 보쌈 맛집|[을지로 맛집 ] 모임 회식 점심 맛집 추천ㅣ순메밀100%를 이용한...|을지로입구역고기집 리정원, 꽃삼겹살과 게장의 완벽한 조합|동대문 을지로",https://blog.naver.com/joeydayy/224301878978|https://blog.naver.com/zzza_9/224301871352|https://blog.naver.com/qawsedrf1007/224301865099|https://blog.naver.com/keb940417/224301864777|https://blog.naver.com/matdory_yam/224301861641
35,domestic_travel,속초,65,14,176.02,맛집|점심맛집|저녁맛집|맛집추천|내돈내산맛집|가볼만한곳|여행코스|핫플맛집|국내여행|국내여행추천|서울근교여행|서울맛집|당일치기|주말여행,부천중동점심 속초오징어어시장 부천중동현대점 고등어구이 물회|속초 중앙시장 젓갈 맛집 황부자 전통 젓갈 낙지젓 명란젓 포장|속초 애견동반 10만원 이하 가성비 숙소 월드스카이호텔|골프 마니아'와 함께한 ㅣ골프존카운티 안성H 라운딩 ( 내돈내산 )|현지인 맛집 _ 등대샤브샤브칼국수 내돈내산 솔직후기...,https://blog.naver.com/ranydream/224301872086|https://blog.naver.com/yb950619/224301818410|https://blog.naver.com/ooeoroom/224301713600|https://blog.naver.com/chung-0611/224301855591|https://blog.naver.com/tpgmldi01/224301787146
36,food,여의도,69,10,165.45,맛집|점심맛집|가볼만한곳|맛집추천|서울맛집|내돈내산맛집|핫플맛집|저녁맛집|여행코스|국내여행,"공덕역 맛집 모연 점심특선 주말 솔직후기|[여의도] 을지다락 여의도점 / 여의도역 맛집|빕스 생망고 페스티벌 솔직 후기 제일제당센터점 직접 가봤습니다|여의도삼계탕 맛집 이영자추천 고봉삼계탕 주차가능|여의도 평양냉면 맛집 , 정인면옥 본점 방문 후기",https://blog.naver.com/minnzzu/224301865741|https://blog.naver.com/z5523131/224301863559|https://blog.naver.com/wonypap/224301863235|https://blog.naver.com/time0708_/224301863236|https://blog.naver.com/jmt_foodlist/224301860366
37,domestic_travel,양평,71,9,163.48,핫플맛집|국내여행|국내여행추천|서울맛집|여행코스|주말여행|당일치기|서울근교여행|가볼만한곳,양평 수제버거 맛집 인정! 한우패티가 끝내주는 버거집...|남양주 두물머리 구경 연핫도그 웨이팅 주차장|[ 서울 /당산역]영등포 당산역 단체 회식장소 안동실비|1월 국내 여행 뚜벅이 코스와 추천 명소 정리|양평 용문장날 ( 2026.05.25),https://blog.naver.com/fkvl4247/224301687608|https://blog.naver.com/fkvl4247/224301573344|https://blog.naver.com/annnnsy/224301002858|https://blog.naver.com/fxtaround/224301867103|https://blog.naver.com/rksgus32/224301753937
38,food,명동,63,11,156.55,맛집|저녁맛집|가볼만한곳|여행코스|맛집추천|점심맛집|서울맛집|내돈내산맛집|핫플맛집|주말여행|당일치기,본점 지하 푸드코트 맛집 '양재옥'|돼지 곰탕 막국수 보쌈 맛집|봉명동 고기집 고기 잘구워주는 맛집 고깃리88번지 봉명점 후기|정성 가득한 한 상으로 대접받는 기분 좋은 명동한정식...|여수 명동게장 방문해서 갈치조림 먹고 돌게장 리필까지...,https://blog.naver.com/joeydayy/224301878978|https://blog.naver.com/kimlove0121/224301873809|https://blog.naver.com/aufcl277/224301874014|https://blog.naver.com/smjjj-/224301871049|https://blog.naver.com/twinmom0613/224301866813
39,food,광화문,66,9,151.97,맛집|점심맛집|저녁맛집|여행코스|맛집추천|서울맛집|가볼만한곳|내돈내산맛집|핫플맛집,"종로 회식/광화문 회식/광화문 생선구이 잘하는 집 (정백어가...|광화문 카이센동 맛집|이영자 맛집 일품(주차, 웨이팅, 메뉴)|서울 오마카세 맛집 스시소라 광화문점 디너 기념일 데이트...|2025년 직장인을 위한 경주 1박 2일 코스 완벽 가이드 5가지",https://blog.naver.com/ypyp_11/224301879000|https://blog.naver.com/jieun_0216/224301877383|https://blog.naver.com/wa-ang/224301876412|https://dwqn.tistory.com/236|https://blog.naver.com/csok3995/224301872379
40,food,마포,66,9,151.97,맛집|핫플맛집|맛집추천|저녁맛집|서울맛집|가볼만한곳|점심맛집|내돈내산맛집|여행코스,마포미용실 프롬에이 머리하러 갔다가 이미지까지 바뀐 공덕...|마포미용실 추천 프롬에이 스타일 고민 끝내준 공덕 헤어살롱...|마포미용실 프롬에이 퍼스널 맞춤 스타일로 만족했던 헤어살롱|명지대 칠순케이크 떡케잌 숫자케이크 맛집 추천드려요|[마포 카페/우베 맛집 ] 펠어커피초코 마곡점,https://blog.naver.com/ellyluv00/224301875142|https://blog.naver.com/eianna00/224301874197|https://blog.naver.com/king45111/224301873273|https://blog.naver.com/miyo_cake/224301872392|https://blog.naver.com/u_jeong06/224301870648
41,food,속초,56,14,151.65,맛집|저녁맛집|가볼만한곳|점심맛집|맛집추천|내돈내산맛집|여행코스|국내여행|국내여행추천|핫플맛집|서울근교여행|서울맛집|당일치기|주말여행,"속초 한식 맛집 ;대포항 근처 돼지갈비|[ 맛집 리뷰] 속초 청초호 맛집 효레의식당 속초점, 행복한...|부천중동점심 속초오징어어시장 부천중동현대점 고등어구이 물회|속초중국집 속초꾸시앙 수제칠리소스의맛|효레의식당 속초점, 속초 엑스포 맛집 에서 필리핀 현지의 맛을...",https://blog.naver.com/ghkus/224301878361|https://blog.naver.com/ejrdnjs6435/224301875025|https://blog.naver.com/ranydream/224301872086|https://blog.naver.com/nyou12/224301869965|https://blog.naver.com/f040cehjferz/224301861028
42,food,춘천,54,14,146.23,맛집|저녁맛집|여행코스|맛집추천|점심맛집|국내여행|당일치기|가볼만한곳|국내여행추천|핫플맛집|서울맛집|내돈내산맛집|서울근교여행|주말여행,"즐먹24 닭갈비밀키트 후기, 집에서 즐기는 춘천닭갈비|춘천 여행 1박2일 소소한 맛집 기록|춘천 소양강 펜션 근처 가성비 맛집 직접 다녀옴|단체 모임 하기 좋은 춘천 닭갈비 맛집 추천, 춘천명종닭갈비|춘천 석사동 맛집 ｜배달로만 먹다가 결국 방문한 뚱땡이 쪽갈비",https://blog.naver.com/kmww234/224301877111|https://blog.naver.com/djzunks/224301067708|https://blog.naver.com/istdvjlah/224299298540|https://blog.naver.com/newsad1/224301863630|https://blog.naver.com/ykk9720111/224301858092
43,domestic_travel,종로,58,11,144.12,맛집|내돈내산맛집|점심맛집|맛집추천|가볼만한곳|핫플맛집|서울맛집|저녁맛집|당일치기|국내여행|여행코스,"[내돈내산] 안국역 브런치 맛집 , 도트블랭킷 안국점 방문 후기|부암동 맛집 란저우우육면 중식당 맛집 추천후기|데미타스 부암동 본점 가정식 가볼만한곳|광장시장 자매육회집 육회비빕밥 후기|대구 동성로 삼겹살 맛집 “참한집 종로점”, 돼지껍데기까지...",https://blog.naver.com/seo2_-/224301868304|https://blog.naver.com/lucia-0707/224301866971|https://blog.naver.com/jackki/224301858356|https://blog.naver.com/veritavitia/224301838148|https://blog.naver.com/yaejin29/224301830342
44,food,시청,62,9,142.76,맛집|저녁맛집|점심맛집|맛집추천|내돈내산맛집|핫플맛집|서울맛집|당일치기|가볼만한곳,"제주시청 맛집 야끼니꾸 와사비 추천|[부천시청역 맛집 ] 한우집투뿔사위 부천직영점|시청역 맛집 월가갈비, 숯불 향 가득한 흑우 갈비로 즐긴 행복한...|TikTok Lite 친구초대 이벤트 총정리! 영상 보고 포인트...|밀양돼지국밥 맛집 과 포차감성 동시에 즐기는 국밥싸롱&포차싸롱",https://blog.naver.com/heeyeon415/224301878610|https://blog.naver.com/hodu_hodu12/224301877258|https://blog.naver.com/jjmj2679/224301875209|https://blog.naver.com/ikje1225/224301874332|https://blog.naver.com/pochasaryong/224301873637
45,domestic_travel,남양주,56,11,139.15,맛집|여행코스|내돈내산맛집|당일치기|서울근교여행|가볼만한곳|맛집추천|핫플맛집|국내여행|국내여행추천|주말여행,[남양주 대성리 애견카페] 커피가 맛있는 로영카페 방문 후기|배스킨라빈스31 신메뉴 메뉴 정보 칼로리 할인 혜택 총 핵심정리|남양주호텔 호텔퀸스 좋았던 솔직후기 내돈내산|탁 트인 전망과 달콤한 디저트가 가득한 티라토레 방문기|[남양주] 다산동 베이글 맛집 이스트베이글 후기 웨이팅...,https://blog.naver.com/tuna_kimbob/224301866632|https://blog.naver.com/poohpoo22/224301861302|https://blog.naver.com/donjayouda/224301859219|https://blog.naver.com/chae0nge/224301818004|https://blog.naver.com/owmzzi/224301762525
46,domestic_travel,용산,52,12,133.38,맛집|맛집추천|당일치기|가볼만한곳|여행코스|저녁맛집|핫플맛집|점심맛집|서울맛집|내돈내산맛집|주말여행|국내여행추천,"경주 불국사 당일치기 여행 코스 추천 경북 6월 가볼만한 곳...|[ 맛집 리뷰] 용산야장 맛집 우연고깃집, 특별한 데이트를 위한...|용산역근처술집 쿠모 비스트로 용리단길 이자카야 맛집 추천 후기|이태원 피맥 핫플 서울 피자 맛집 추천 아노브|용산 맛집 오근내 닭갈비... 타이밍 추천 3인 메뉴 조합 총정리...",https://blog.naver.com/itoy51/224301876980|https://blog.naver.com/mylovehiru/224301861688|https://blog.naver.com/traveler_siri/224301838596|https://blog.naver.com/gktvkt13/224301807460|https://blog.naver.com/natamong/224301751982
47,food,송파,64,7,133.08,맛집|내돈내산맛집|저녁맛집|점심맛집|맛집추천|서울맛집|핫플맛집,"잠실 맛집 오마카세 코스가 이렇게 좋을 줄, 스시이세이...|잠실새내 야구중계 맛집 쭈꾸미삼대장 대창 대패삼겹 조합 후기|잠실 송파 새내 잠실새내 전자담배 베이프갱스터 잠실새내점...|잠실 레터링 케이크 단하나케이크 신천점에서 아이랑 직접...|송파 문정 야장 고깃집 후기 (내돈내산 항정살 맛집 , + 문정 야장...",https://blog.naver.com/narangg02-/224301878014|https://blog.naver.com/dazzling1992/224301876079|https://blog.naver.com/gudtjr3404/224301873293|https://blog.naver.com/tourmom121/224301872189|https://blog.naver.com/daonyya/224301870860
48,domestic_travel,여수,51,12,130.81,맛집|저녁맛집|맛집추천|점심맛집|핫플맛집|국내여행|여행코스|국내여행추천|내돈내산맛집|주말여행|당일치기|가볼만한곳,"봄 여름 어딘가...|여수 이순신광장 주변 필수 먹거리와 맛집 추천 가이드|여수 2박 3일 여행 여수아르떼뮤지엄,여수해상케이블카|여수 아귀찜 맛집 여정식당, 현지인도 찾는 여수 맛집 솔직 후기|① 순천 들러 여수로! 여수 뷰 카페 + 로컬 맛집 장흥식당",https://blog.naver.com/ujinlog/224301864515|https://blog.naver.com/fhjrope/224301857833|https://blog.naver.com/thsdmsgml6232/224301854385|https://blog.naver.com/e_eeee7/224301693705|https://blog.naver.com/today1spot/224301681581
49,food,여수,49,13,129.31,맛집|저녁맛집|여행코스|맛집추천|점심맛집|핫플맛집|국내여행|국내여행추천|내돈내산맛집|주말여행|당일치기|가볼만한곳|서울맛집,"2박 3일 여수여행 3일차 코스 : 덕충식당, 쥬스살룬 여수, 고양이|여수게장 무한리필 맛집 후기 정담식당 이순신광장점|여수 명동게장 방문해서 갈치조림 먹고 돌게장 리필까지...|식객 허영만백반기행 성남 갈매기살 맛집 초원갈매기살｜위치....|백반기행 성남 갈매기살 노포 초원갈매기살 위치와 메뉴 가격...",https://blog.naver.com/qqnqqnfls/224301874163|https://blog.naver.com/wlgh06120/224301874146|https://blog.naver.com/smjjj-/224301871049|https://blog.naver.com/joyenglish201_/224301741084|https://blog.naver.com/twojobs_/224301869490
50,food,남양주,49,12,125.68,맛집|내돈내산맛집|점심맛집|여행코스|당일치기|서울근교여행|가볼만한곳|맛집추천|핫플맛집|국내여행|국내여행추천|주말여행,"진접역곱창추천, 숯불 향 가득한 양곱대에서 인생 곱창 맛보고...|""여기 물놀이장 무료라고?""...구리 왕숙천 도농체육공원, 여름...|[남양주|호평동] 내돈내산 리뷰 / 가성비 맛집 / 호평동 회전...|[남양주 호평동 맛집 ] 파주닭국수 호평점, 진한 들깨닭국수와...",https://blog.naver.com/freesiallove7/224301878233|https://blog.naver.com/chance8202/224301841836|https://blog.naver.com/mysms_99/224301869343|https://blog.naver.com/shinskylove/224301868221|https://blog.naver.com/tuna_kimbob/224301866632
51,food,일산,46,11,114.31,맛집|맛집추천|내돈내산맛집|저녁맛집|핫플맛집|점심맛집|가볼만한곳|서울맛집|당일치기|서울근교여행|국내여행추천,울산 동구 일산지 맛집 데이트 하기 좋은 분위기 술집 은신처|[일산 맛집 ] 은은한 메밀향과... 로컬 평양냉면 맛집 내돈내산 후기|일산 소갈비 동적깡통구이 일산라페스타직영점...|[일산 맛집 ] 미나미참치 - 가성비 좋은 참치 오마카세...|일산 라멘 맛집 밤리단길에서 만나는 일본감성 계단라멘일산본점,https://blog.naver.com/melon_lifeun/224301878083|https://blog.naver.com/sunrise_park93/224301875870|https://blog.naver.com/jjilucky777/224301872360|https://blog.naver.com/an_dsk90/224301869049|https://blog.naver.com/lovelyyenii/224301866761
52,domestic_travel,홍대,49,9,112.83,맛집|저녁맛집|맛집추천|핫플맛집|서울맛집|가볼만한곳|내돈내산맛집|점심맛집|국내여행,"[연남] 센트럴사이트|핸드드립 커피와 티라미수 맛집 ...|홍대 곱창 맛집 뿔난황소곱창 홍대점, 곱창부터 볶음밥까지...|홍대 연남동 맛집 연남족발1987 연남점 데이트 맛집 추천|홍대 맛집 셸링턴 비프웰링턴부터 와인까지 좋았어요",https://blog.naver.com/kkkiikkkii/224301873018|https://blog.naver.com/fbehddns/224301864261|https://blog.naver.com/syyy012/224301853338|https://blog.naver.com/k53mmmm/224301796471|https://blog.naver.com/narozip/224301757470
53,food,서초,50,8,109.86,맛집|내돈내산맛집|저녁맛집|점심맛집|맛집추천|서울맛집|가볼만한곳|핫플맛집,"서초구 내곡동 맛집 , 통나무집, 메뉴종류, 솔직후기|이가네양꼬치 사당점 서울 양꼬치 맛집 내돈내산 후기(웨이팅...|서초동 맛집 [호앙비엣 교대역점]|맛집 ,회식부터 친구 모임까지 만족했던 신논현역 맛집 !|신논현역 맛집 서초 맛집 양양집 신논현점",https://blog.naver.com/hyojeong9539/224301877412|https://blog.naver.com/h_sory/224301875811|https://blog.naver.com/sil5936/224301872592|https://blog.naver.com/qaqa8458/224301872856|https://blog.naver.com/wjdrlfgns1/224301872016
54,food,양평,45,10,107.91,내돈내산맛집|여행코스|핫플맛집|국내여행|국내여행추천|서울맛집|주말여행|서울근교여행|당일치기|가볼만한곳,"[양평 맛집 ] 단돈 6천 원의... 문호리국수집 내돈내산 솔직후기|내돈내산 철원양평해장국... 일산 양평해장국 맛집 베스트 1등|꽃게된장찌개 파는 불꽃게 식당 리뷰 ( 내돈내산 , 주차⭕️)|서울 양평역 디저트 맛있는 골목 카페, 인생 치즈케이크 발견|양평 한정식 맛집 깊은 손맛의 발효 요리와 오찬회동- 내돈내산",https://blog.naver.com/nadonsanday/224301809986|https://blog.naver.com/dohapotato/224301784443|https://blog.naver.com/cozyjhy/224301736204|https://blog.naver.com/richjoo2026/224301726527|https://blog.naver.com/pms1300/224301719563
55,food,송도,39,14,105.61,맛집|맛집추천|점심맛집|저녁맛집|당일치기|국내여행|주말여행|내돈내산맛집|핫플맛집|여행코스|서울맛집|가볼만한곳|국내여행추천|서울근교여행,"송도 맛집 추천 삼교리동치미막국수 인천송도점 들기름막국수...|인천 송도 맛집 부모님 생신 기념 가족식사 한식 밥상편지 송도점|2604|송도베이커리카페 솔트스테인 , 송도소금빵 맛집 방문 후기|송도 센트럴파크근처 맛집 가성비소고기 특우",https://blog.naver.com/blossom_camper/224301876474|https://blog.naver.com/white5198/224301868556|https://blog.naver.com/haeuninggu/224301866394|https://blog.naver.com/hithery/224301860134|https://blog.naver.com/tomelra/224301860052
56,food,연남동,44,10,105.51,맛집|저녁맛집|핫플맛집|맛집추천|여행코스|내돈내산맛집|점심맛집|서울맛집|가볼만한곳|국내여행,[연남] 센트럴사이트|핸드드립 커피와 티라미수 맛집 ...|5월 근황 요점정리 (집 알아보고 단기임대 찾고 이삿짐싸고...|연남동 맛집 클래식당에서 정성 가득한 요리와 함께하는 오붓한...|고터 숨은 맛집,https://blog.naver.com/kkkiikkkii/224301873018|https://blog.naver.com/aka-endorphine/224301869290|https://blog.naver.com/vlsmsvl12345/224301866776|https://blog.naver.com/mingg_-/224301864037|https://blog.naver.com/jhj1101-/224301861148
57,food,고양,41,12,105.16,맛집|저녁맛집|여행코스|점심맛집|내돈내산맛집|맛집추천|핫플맛집|당일치기|가볼만한곳|국내여행|서울근교여행|국내여행추천,"2박 3일 여수여행 3일차 코스 : 덕충식당, 쥬스살룬 여수, 고양이|26. Mar - May|일산 소갈비 동적깡통구이 일산라페스타직영점...|푸른달(약간의 잎새달도 곁들인..)|삼송 마사지 가려다가 알게된 쑥뜸천하 고양점",https://blog.naver.com/qqnqqnfls/224301874163|https://blog.naver.com/joo___h/224301874423|https://blog.naver.com/jjilucky777/224301872360|https://blog.naver.com/lovelyhye03/224301863016|https://blog.naver.com/j_inively/224301870036
58,food,동대문,47,8,103.27,맛집|맛집추천|점심맛집|저녁맛집|서울맛집|내돈내산맛집|핫플맛집|국내여행,"[서울/동대문구 장안동] 입맛 싹 도는 닭도리탕 맛집 수빈마마...|“동대문DDP” 대나무 숙성 삼겹살 고깃집 맛집 ! 삼겹살...|동대문 을지로|키노이에|동대문 시티뷰 가성비 호텔뷔페 맛집 스카이파크 ""가든세레노""",https://blog.naver.com/forever-green/224301879163|https://blog.naver.com/cozy_o0o/224301873224|https://blog.naver.com/keb940417/224301864777|https://blog.naver.com/qloolpvv/224301854333|https://blog.naver.com/ksy010915/224301844960
59,food,더현대서울,44,9,101.31,맛집|내돈내산맛집|핫플맛집|서울맛집|가볼만한곳|맛집추천|저녁맛집|점심맛집|여행코스,대구 반월당 스시 맛집 더현대 스시준~ 14년 단골 맛집 !|[더현대 서울 카페 추천] 아이와 함께 다녀온 핫플 에스프레소...|서울 더현대 화덕피자 라구파스타 후기|서울 여의도 더현대 근처 맞춤셔츠 수트 제작 로고스 셔츠|ㅣ 믿고 먹는 크림커피 라떼 맛집 여의도커피 내돈내산 추천 후기,https://blog.naver.com/jaenacon79/224301878341|https://blog.naver.com/fvivian/224301860258|https://blog.naver.com/fvivian/224301739814|https://blog.naver.com/juu1730/224301838291|https://blog.naver.com/isyuk104/224301798434
60,domestic_travel,여의도,39,10,93.52,맛집|점심맛집|가볼만한곳|내돈내산맛집|핫플맛집|서울맛집|맛집추천|저녁맛집|여행코스|국내여행,"여의도 평양냉면 맛집 , 정인면옥 본점 방문 후기|[더현대 서울 카페 추천] 아이와 함께 다녀온 핫플 에스프레소...|한강뷰 맛집 찾는다면 63 스카이라인 다이닝 슈치쿠 추천|육회 육사시미 맛집|여의도 회식장소",https://blog.naver.com/jmt_foodlist/224301860366|https://blog.naver.com/fvivian/224301860258|https://blog.naver.com/ac2525--/224301792548|https://blog.naver.com/siniilog/224301784649|https://blog.naver.com/aldald723/224301769435
61,food,부천,35,13,92.37,맛집|저녁맛집|점심맛집|맛집추천|핫플맛집|가볼만한곳|내돈내산맛집|서울맛집|국내여행|당일치기|국내여행추천|주말여행|서울근교여행,[부천시청역 맛집 ] 한우집투뿔사위 부천직영점|부천중동점심 속초오징어어시장 부천중동현대점 고등어구이 물회|k-kase 여월동술집 케이카세 근황｜안주가 맛있는집의 여름...|목향 상동본점 ㅣ아빠와 퇴근후 저녁ㅣ 상동역고기집|부천디저트 선물 엘린케이크스튜디오ㅣ답례품 추천,https://blog.naver.com/hodu_hodu12/224301877258|https://blog.naver.com/ranydream/224301872086|https://blog.naver.com/khee___/224301866806|https://blog.naver.com/liebe3140/224301855019|https://blog.naver.com/kjamongee/224301845972
62,domestic_travel,포항,35,13,92.37,맛집|맛집추천|여행코스|점심맛집|내돈내산맛집|핫플맛집|가볼만한곳|저녁맛집|국내여행|국내여행추천|주말여행|당일치기|서울근교여행,"2 ] 숨은 힐링 명소와 로컬 맛집 정보 대방출 (포항시~동해시)|해피랑길 발끝으로 품은 울진 후포항 맛집 , 입안으로 가득 찬...|포항 영일대 현지인 단골 웰빙횟집 재방문 후기|1 ] 숨은 힐링 명소와 로컬 맛집 정보 대방출 (부산~포항)|포항 맛집 물회 바다뷰 야장 가능한 오늘도가자미",https://blog.naver.com/changh5n/224301810367|https://blog.naver.com/hyechon49/224301869300|https://blog.naver.com/zjaal333/224301863426|https://blog.naver.com/changh5n/224301692272|https://blog.naver.com/hey8688/224301740182
63,domestic_travel,부천,36,12,92.34,맛집|점심맛집|저녁맛집|맛집추천|핫플맛집|가볼만한곳|내돈내산맛집|국내여행|당일치기|국내여행추천|주말여행|서울근교여행,부천중동점심 속초오징어어시장 부천중동현대점 고등어구이 물회|목향 상동본점 ㅣ아빠와 퇴근후 저녁ㅣ 상동역고기집|부천역 고기집 맛집 추천 '수돈숯불갈비'|솜솜카츠 부천역점 후기|부천 상동 돈카츠 맛집 추천,https://blog.naver.com/ranydream/224301872086|https://blog.naver.com/liebe3140/224301855019|https://blog.naver.com/ddoddory_/224301827462|https://blog.naver.com/meluvly112/224301793741|https://blog.naver.com/songduri0221/224301686275
64,food,분당,38,10,91.12,맛집|맛집추천|저녁맛집|내돈내산맛집|점심맛집|가볼만한곳|핫플맛집|서울맛집|국내여행|여행코스,[분당서현 맛집 ]분당 로컬 부리또 맛집 '커뮨타코 서현본점...|백반기행 초원 갈매기살 돼지고기 맛집|판교 맛집 우대포 판교직영점 양념소갈비 소고기된장찌개 물냉면|[분당/정자] 분당 정자동 파스타 맛집 쏘렐라파스타 본점|미분당 숙주와 면 무한리필 가능한 쌀국수 맛집,https://blog.naver.com/kjju0307/224301874745|https://blog.naver.com/oneelly/224301872359|https://blog.naver.com/honey_210/224301870011|https://blog.naver.com/xihyxnss/224301848576|https://blog.naver.com/eulgilees/224301771940
65,food,마곡,36,11,89.46,맛집|점심맛집|저녁맛집|맛집추천|가볼만한곳|서울맛집|핫플맛집|내돈내산맛집|국내여행|국내여행추천|여행코스,"5월의 마지막 날, 마곡에서 아내와 친구와 함께 나눈 행복한 시간|코엑스 마곡 카페디저트페어 후기|/ 마곡역 / 마곡 단체회식 맛집 발산역 고기집 맛집 이화정...|마곡 한식 맛집 추천 삼찬옥 맛있었던 부대찌개 후기|[마포 카페/우베 맛집 ] 펠어커피초코 마곡점",https://blog.naver.com/bctin/224301879006|https://blog.naver.com/rococodiva/224301879204|https://blog.naver.com/sb825/224301878249|https://blog.naver.com/nomad_seohyeon/224301872956|https://blog.naver.com/u_jeong06/224301870648
66,food,역삼,42,7,87.34,맛집|점심맛집|핫플맛집|맛집추천|내돈내산맛집|저녁맛집|서울맛집,강남 피자 맛집 오르새피자 강남본점 후기|역삼동 피자집 더블...|삼계탕으로 몸보신하기 백세장수촌 역삼동 맛집|[서울_역삼카페] 꾸덕한 그릭요거트 아사이볼 맛집 '그릭베리...|부천역 고기집 맛집 추천 '수돈숯불갈비',https://blog.naver.com/straight11111/224301875397|https://blog.naver.com/veni-/224301870080|https://blog.naver.com/agarii_eter/224301863857|https://blog.naver.com/ddoddory_/224301827462|https://blog.naver.com/bu0413/224301814776
67,food,포항,34,12,87.21,맛집|점심맛집|저녁맛집|당일치기|가볼만한곳|여행코스|맛집추천|내돈내산맛집|핫플맛집|국내여행|국내여행추천|서울맛집,"속초 한식 맛집 ;대포항 근처 돼지갈비|MAY, 2026 (마산/통영/거제/경주/포항)|2 ] 숨은 힐링 명소와 로컬 맛집 정보 대방출 (포항시~동해시)|해피랑길 발끝으로 품은 울진 후포항 맛집 , 입안으로 가득 찬...|포항 영일대 현지인 단골 웰빙횟집 재방문 후기",https://blog.naver.com/ghkus/224301878361|https://blog.naver.com/seulmizi/224301874024|https://blog.naver.com/changh5n/224301810367|https://blog.naver.com/hyechon49/224301869300|https://blog.naver.com/zjaal333/224301863426
68,domestic_travel,양양,33,13,87.09,맛집|맛집추천|내돈내산맛집|핫플맛집|국내여행|가볼만한곳|여행코스|국내여행추천|저녁맛집|점심맛집|주말여행|당일치기|서울근교여행,"[양양] 26년 5월 양양여행 3일차|한양양꼬치 천호본점 불향 가득 천호양꼬치 맛집 추천|범바우막국수 양양본점 양양쏠비치 근처 막국수 맛집 방문후기|양양 맛집 가볼 만한 곳 범바우막국수 양양본점|양양해변추천 3곳, 유명한 바다부터 조용한 숨은 해변까지",https://blog.naver.com/koliucu/224301876933|https://blog.naver.com/pa9595-/224301838624|https://blog.naver.com/jihyen0124/224301778910|https://blog.naver.com/wltjs5253/224301692975|https://blog.naver.com/hotelnomad_/224301114099
69,domestic_travel,잠실,35,11,86.97,맛집|맛집추천|내돈내산맛집|가볼만한곳|서울맛집|핫플맛집|점심맛집|저녁맛집|국내여행|국내여행추천|당일치기,"장어덮밥 맛집 / 잠실 내돈내산 맛집 추천 / 잠실 조용한 카페...|블로그 지수 올리는 필살기, 내 글 상위 노출 전략|[잠실] 방이시장 닭강정 맛집 닭강정아 본점｜서울 3대 닭강정...|[일상_2026] 생일 데이트 _ 바이킹스워프잠실점 · 군몽...|잠실 서보 • 태국식 덮밥과 국밥 맛집",https://blog.naver.com/z_zoong/224301858838|https://blog.naver.com/pizza8230/224301828229|https://blog.naver.com/yoo__s2/224301820783|https://blog.naver.com/iridescent_k_/224301781503|https://blog.naver.com/sharulog/224301749462
70,food,교대,31,13,81.81,맛집|점심맛집|저녁맛집|맛집추천|가볼만한곳|서울맛집|내돈내산맛집|핫플맛집|국내여행|당일치기|국내여행추천|주말여행|서울근교여행,"고속터미널 중식 맛집 , 인생 탕수육과 짬뽕이 맛있는 현경 교대점|서초동 맛집 [호앙비엣 교대역점]|교대역 맛집 데일리픽스 쯔양 수제버거 찐 맛집|교대 맛집|어복쟁반의 진수를 맛보다, 백년가게 평안면옥",https://blog.naver.com/assajoco12/224301873246|https://blog.naver.com/sil5936/224301872592|https://blog.naver.com/e1385/224301866966|https://blog.naver.com/eastmaketing/224301865886|https://blog.naver.com/august_2nd_/224301854618
71,food,안양,31,12,79.51,맛집|내돈내산맛집|점심맛집|저녁맛집|맛집추천|서울맛집|가볼만한곳|핫플맛집|국내여행|국내여행추천|주말여행|서울근교여행,[산본] 중독성있는 매운등갈비 팔덕식당 산본점 내돈내산 후기|[내돈내산] 안양 예술공원 치킨 맛집 . 간단하게 한잔하기 좋은...|안양 수제 디저트 맛집 '쌀온도' 한시적 화/목/금 라인업을...|서울 근교 계곡 추천 • 백숙 맛집 • 보은장식당 주차...|이석민피자 안양 배달피자 맛집 집들이메뉴 난이도 높은...,https://blog.naver.com/ekgpdl330/224301878773|https://blog.naver.com/totanns/224301877643|https://blog.naver.com/oneandonly7272/224301877792|https://blog.naver.com/yeday_/224301875851|https://blog.naver.com/creammy114/224301868628
72,domestic_travel,시청,30,12,76.95,맛집|점심맛집|저녁맛집|맛집추천|내돈내산맛집|핫플맛집|서울맛집|국내여행|국내여행추천|당일치기|서울근교여행|가볼만한곳,제주시청 맛집 야끼니꾸 와사비 추천|백반기행 성남 갈매기살 성남성찬 밥상 나들이 씨야...|부천중동점심 속초오징어어시장 부천중동현대점 고등어구이 물회|안주 맛있는 인계동 술집 추천 [제일회관 인계직영점] 단체모임...|제주시 기념일 맛집 추천,https://blog.naver.com/heeyeon415/224301878610|https://blog.naver.com/dnjftndlqcjsdjr/224301873536|https://blog.naver.com/ranydream/224301872086|https://blog.naver.com/alwaysjmt/224301870107|https://blog.naver.com/stree0526/224301812756
73,domestic_travel,고양,29,12,74.38,맛집|내돈내산맛집|점심맛집|맛집추천|핫플맛집|국내여행|당일치기|서울근교여행|국내여행추천|주말여행|가볼만한곳|여행코스,"일산 소갈비 동적깡통구이 일산라페스타직영점...|삼송 마사지 가려다가 알게된 쑥뜸천하 고양점|고양시파스타 맛집 양동이, 고양시데이트 장소 추천|고양동 중국집 맛집 , 북경반점 완전추천♡|탄현 맛집 오실장강남면옥... 겨울에도 웨이팅 있는 냉면 맛집",https://blog.naver.com/jjilucky777/224301872360|https://blog.naver.com/j_inively/224301870036|https://blog.naver.com/blissdreamful/224301866028|https://blog.naver.com/jhmin2102/224301864406|https://blog.naver.com/yoohoojinjin/224301800511
74,domestic_travel,마포,31,10,74.33,맛집|저녁맛집|맛집추천|핫플맛집|서울맛집|가볼만한곳|내돈내산맛집|점심맛집|주말여행|여행코스,"[마포농수산물시장 회포장] 가성비와 신선함 다 잡은 단골 많은...|홍대 곱창 맛집 뿔난황소곱창 홍대점, 곱창부터 볶음밥까지...|홍대 연남동 맛집 연남족발1987 연남점 데이트 맛집 추천|홍대 맛집 셸링턴 비프웰링턴부터 와인까지 좋았어요|[마포] 공덕역 닭갈비 맛집... 솔직후기, 마포 공덕역 맛집 추천",https://blog.naver.com/alrud48600/224301866656|https://blog.naver.com/fbehddns/224301864261|https://blog.naver.com/syyy012/224301853338|https://blog.naver.com/k53mmmm/224301796471|https://blog.naver.com/jy0318jy/224299090773
75,food,망원,32,9,73.68,맛집|점심맛집|저녁맛집|맛집추천|내돈내산맛집|서울맛집|핫플맛집|가볼만한곳|여행코스,망원동 고기 맛집 진평925 돼지갈비 가족모임 회식 주차 넓은 곳|26-5-1 품위유지하세요〰️|합정 보쌈 맛집 으로 저장 필수 평이담백 뼈칼국수 본점 후기|성산동 맛집 보쌈이 맛있는 갓성비최고 정담|[서울 마포] 망원동 주민 추천 맛집 “산이네회무침” 내돈내산...,https://blog.naver.com/namyang123/224301873023|https://blog.naver.com/hadarin_/224301870333|https://blog.naver.com/hey_miu__/224301859504|https://blog.naver.com/cutecutes2/224301815416|https://blog.naver.com/je_woo_/224301773278
76,domestic_travel,을지로,35,7,72.78,맛집추천|내돈내산맛집|핫플맛집|점심맛집|서울맛집|가볼만한곳|여행코스,"을지로입구역 맛집 진가와 일식 코스 을지로 데이트 추천|을지로본점 국물까지 매력적이었던 을지로3가 맛집 추천|내돈내산 을지로 라떼 맛집 공간갑 메뉴 웨이팅 솔직후기|[을지로입구역 맛집 ] 분위기... 파스타 추천 : 세븐티포...|[종로구/을지로3가] 분위기 좋은 감성 카페 ""죠지""",https://blog.naver.com/everlsk/224301738554|https://blog.naver.com/pingpang0/224301715015|https://blog.naver.com/bamtori_11/224301710213|https://blog.naver.com/thinkground1/224301675995|https://blog.naver.com/max9871/224301718449
77,domestic_travel,명동,29,11,72.06,맛집|점심맛집|저녁맛집|서울맛집|맛집추천|핫플맛집|국내여행|국내여행추천|주말여행|당일치기|서울근교여행,한국의 정취와 맛을 온전히 느끼고 온 명동한정식 방문 후기|5월의 일상 : 망고 숙성 마스터｜명동 나들이｜여주 출렁다리...|보배반점명동점 신메뉴 후기 마라 덕후 커플이 반해버린...|광주 하늘공원 동명동 캐치스피자 후기|[을지로입구역 맛집 ] 분위기... 파스타 추천 : 세븐티포...,https://blog.naver.com/twinmom0613/224301866813|https://blog.naver.com/riima_/224301858078|https://blog.naver.com/infinity_beyond/224301808796|https://blog.naver.com/tntjddl12345/224301747901|https://blog.naver.com/thinkground1/224301675995
78,food,신사,31,9,71.38,맛집|점심맛집|저녁맛집|여행코스|내돈내산맛집|맛집추천|핫플맛집|서울맛집|당일치기,[신사역 맛집 ] 시원한 국물이 스며드는 신미감자탕|오사카 현지인 야키니쿠 맛집 쿠루미 신사이바시역 1분 거리|☕️[카페] 신사 가로수길 카페 그레이그리스트밀 내돈내산 후기|강남구 삼겹살 맛집 에서 만난 특별한 무쇠김치삼겹의 매력|로얄마카롱 로얄두바이초콜릿휘낭시에 / 소금카라멜 휘낭시에...,https://blog.naver.com/biteofspace/224301874265|https://blog.naver.com/z7435458z/224301871319|https://blog.naver.com/hachorok/224301870488|https://blog.naver.com/sicfinrudmj54247/224301869678|https://blog.naver.com/sangs1789/224301866301
79,food,하남,30,9,69.08,맛집|저녁맛집|맛집추천|내돈내산맛집|가볼만한곳|핫플맛집|서울맛집|당일치기|서울근교여행,"하남 덕풍 갑산면옥: 갈비탕, 한우칼국수, 단체회식 추천|하남 신세계백화점 맛집 중국집 한양중식 스타필드하남점|가족끼리 가서 먹기 좋은 곳 스타필드 위례 맛집 비와별닭갈비...|브런치가 짱짱 맛있는 하남 스타필드 반려동물 동반 맛집 ...|하남고기집 제주덕구 오겹살, 꽃갈비살, 양념껍데기 맛집 추천",https://blog.naver.com/huuhuu420/224301873412|https://blog.naver.com/erin0121/224301867956|https://blog.naver.com/oreo3638/224301864116|https://blog.naver.com/tkfkddl2300/224301844988|https://blog.naver.com/alfkf777/224301843004
80,food,압구정,31,8,68.11,맛집|핫플맛집|저녁맛집|맛집추천|점심맛집|가볼만한곳|서울맛집|내돈내산맛집,청담동카페 데바스테이트 늦은 밤에도 좋은 로스터리 커피 맛집|[압구정피자] 압구정역 데이트 맛집 노모어피자에서 즐긴 피맥...|압구정로데오 맛집 골드피쉬 딤섬퀴진에서 건강하고 정갈한 한...|청담동카페 추천 커피 좋아한다면 데바스테이트는 꼭 가보세요|[압구정 맛집 ] 흑백 요리사 2_ Original numbers 런치,https://blog.naver.com/eianna00/224301879612|https://blog.naver.com/eunrolove/224301878649|https://blog.naver.com/mijin_2679/224301878655|https://blog.naver.com/king45111/224301878379|https://blog.naver.com/detailed_itinerary/224301874529
81,food,합정,31,8,68.11,맛집|저녁맛집|맛집추천|핫플맛집|서울맛집|가볼만한곳|점심맛집|내돈내산맛집,"[합정역 맛집 ] 분위기와 가성비 모두 잡은 든든한 파히타한상...|홍대 곱창 맛집 뿔난황소곱창 홍대점, 곱창부터 볶음밥까지...|합정 보쌈 맛집 으로 저장 필수 평이담백 뼈칼국수 본점 후기|홍대 한우된장칼제비 야끼소바 명란구이 상수 술집 맛집 추천|평택 데이트 맛집 추천 _ 탭씨브루합정 2호점 솔직 후기",https://blog.naver.com/fullup1130/224301879153|https://blog.naver.com/fbehddns/224301864261|https://blog.naver.com/hey_miu__/224301859504|https://blog.naver.com/narozip/224301757470|https://blog.naver.com/ss4509/224301743687
82,food,김포,28,10,67.14,맛집|내돈내산맛집|점심맛집|핫플맛집|저녁맛집|서울맛집|국내여행|주말여행|서울근교여행|국내여행추천,"구래동 한 그릇이 마음을 데우는 날, 김포감자탕의 진득함|김포 캠핑식당 캠픽 애견동반 놀이방 프라이빗 캠핑|구래동 맛집 헤비스테이크 김포구래역점|[김포 맛집 ] 웨이팅 필수! 세월이 증명하는 노포 국수 맛집 ...|[김포 카페] 소금빵 맛집 / 디저트 카페 / 김포 운양동에 위치한...",https://blog.naver.com/l5415648/224301510949|https://blog.naver.com/gkdmsgkfn/224301875959|https://blog.naver.com/miraaaaa__/224301865087|https://blog.naver.com/audghk1129/224301828327|https://blog.naver.com/ss2um/224301810432
83,food,사당,30,8,65.92,맛집|점심맛집|내돈내산맛집|저녁맛집|맛집추천|핫플맛집|서울맛집|가볼만한곳,"낙성대염색/낙성대미용실/헤어루아브수호/사당미용실/염색 맛집|[서울 관악구] 사당양꼬치 맛집 신셰프양꼬치&훠궈 남현동1호점|이가네양꼬치 사당점 서울 양꼬치 맛집 내돈내산 후기(웨이팅...|관악산 올라갔다 내려오다가...짝꿍 얼굴 공개!ㅋㅋ^^|[사당/이수] 유럽 감성 낭낭한 분위기 맛집 , 특별한 날 가기...",https://blog.naver.com/clsrn6140/224301878433|https://blog.naver.com/koodav/224301875504|https://blog.naver.com/h_sory/224301875811|https://blog.naver.com/shriya/224301873203|https://blog.naver.com/plus4567/224301865844
84,food,문래,30,8,65.92,맛집|저녁맛집|맛집추천|내돈내산맛집|점심맛집|서울맛집|핫플맛집|가볼만한곳,"문래 이자카야 맛집 , 이씨네_한국식 대창전골 맛집 이자카야 추천|문래 맛집 할미네돌뚜껑 문래본점 삼겹살집 추천|문래동 맛집 이한스시 생선회세트 점심특선 솔직후기|[문래] ""고트델리 문래"" 브런치 맛집 , 내돈내산, 미국 델리 감성|문래동 맛집 기록 - 영일분식, 리버타운 버거, 능이버섯백숙...",https://blog.naver.com/govl7592/224301875225|https://blog.naver.com/babylhk/224301868959|https://blog.naver.com/woncon/224301810512|https://blog.naver.com/y159159/224301790741|https://blog.naver.com/namsoung7/224301783942
85,domestic_travel,연남동,26,11,64.61,맛집|저녁맛집|맛집추천|여행코스|내돈내산맛집|핫플맛집|점심맛집|서울맛집|가볼만한곳|국내여행|당일치기,[연남] 센트럴사이트|핸드드립 커피와 티라미수 맛집 ...|홍대 연남동 맛집 연남족발1987 연남점 데이트 맛집 추천|연남동 고기집 추천 ! 가성비 드럼통 숯불구이 연남점 찐후기|홍대 맛집 셸링턴 비프웰링턴부터 와인까지 좋았어요,https://blog.naver.com/kkkiikkkii/224301873018|https://blog.naver.com/syyy012/224301853338|https://blog.naver.com/eksistenz628/224301838023|https://blog.naver.com/k53mmmm/224301796471|https://blog.naver.com/dangyi-/224301710265
86,food,한남동,28,9,64.47,맛집|내돈내산맛집|점심맛집|저녁맛집|맛집추천|핫플맛집|서울맛집|당일치기|가볼만한곳,"[라크루다] 약수 버티고개 멕시칸 타코 현지의 맛 쌀음료까지!|성률 전시회 여름을 닮은 우리 그라운드시소 한남 일정 및 예약...|행복한 순간들만 간직할게|안안녕하세요, 박수현입니다.|[서울/용산] 한남동 저녁 추천 ! 소주가 술술들어가는...",https://blog.naver.com/girorkwang/224301872284|https://blog.naver.com/dldydgy456/224298022069|https://blog.naver.com/baby0941/224301869732|https://blog.naver.com/sssuuu_h/224301860349|https://blog.naver.com/marazin_/224301710568
87,food,서울숲,28,9,64.47,맛집|점심맛집|맛집추천|내돈내산맛집|핫플맛집|저녁맛집|서울맛집|가볼만한곳|여행코스,"서울숲 맛집 뽈로파스타, 아늑한 분위기에서 즐기는 정성...|성수 맛집 미쁘동 성수 방문 후기｜비주얼 끝판왕 토마토연어국수|사전예매 공연 후기 및 주변 맛집 추천 (feat 적재, 10cm)|성수 서울숲 맛집 “미테이블 성수본점” (주차, 웨이팅)|카페 피리어드 Period 조용하고 시원한 통창뷰 맛집 추천",https://blog.naver.com/vifgk/224301866871|https://blog.naver.com/hj1021_song/224301850467|https://blog.naver.com/bi-yam/224301822845|https://blog.naver.com/lisianthus0330/224301814739|https://blog.naver.com/haminhoo/224301799322
88,domestic_travel,안양,25,12,64.12,맛집|맛집추천|점심맛집|서울맛집|가볼만한곳|핫플맛집|저녁맛집|내돈내산맛집|국내여행|국내여행추천|당일치기|서울근교여행,서울 근교 계곡 추천 • 백숙 맛집 • 보은장식당 주차...|안양 댕리단길 수제버거 맛집 마일리버거 내쉬빌핫치킨버거 후기|천안 불당동 데이트코스 스테이크 세트 양식집 솔직후기...|안양 평촌 인덕원 맛집 '긴자' 가족모임 점심 코스 내돈내산...|인덕원 족발 맛집 추천 남궁가족발 대짜 포장 후기,https://blog.naver.com/yeday_/224301875851|https://blog.naver.com/gmlwjddl45/224301860670|https://blog.naver.com/9_yunseul/224301851664|https://blog.naver.com/als127wls127/224301832067|https://blog.naver.com/trust_joo/224301750565
89,food,석촌,30,7,62.38,맛집|저녁맛집|점심맛집|맛집추천|서울맛집|내돈내산맛집|핫플맛집,"잠실 맛집 오마카세 코스가 이렇게 좋을 줄, 스시이세이...|잠실 석촌 유지력 좋은 속눈썹펌 1인샵, 슈랑브로우 & 슈레브래쉬|잠실 석촌호수 함흥냉면 맛집 회냉면&만두 추천 ‘장옥정’|송파 석촌동 맛집 송파짬뽕 중식 석촌호수 송리단길 중국집 맛집|이제 곧 종강이다",https://blog.naver.com/narangg02-/224301878014|https://blog.naver.com/everyrule/224301870044|https://blog.naver.com/dla756/224301868921|https://blog.naver.com/heat4860/224301868834|https://blog.naver.com/lys_061020/224301860439
90,food,강동,27,9,62.17,맛집|점심맛집|저녁맛집|맛집추천|서울맛집|내돈내산맛집|핫플맛집|당일치기|가볼만한곳,"강동구 맛집 투어- 고모네 원조 콩탕, 다람.|서울 강동 / 초밥의 신 부타 / 갓성비초밥 천호역 맛집|굽은다리 맛집 , 새우버거 하나에 감탄했던 곳 (버거리 굽은다리점)|한양양꼬치 천호본점 불향 가득 천호양꼬치 맛집 추천|천호역 중식당 동국성 런치코스 B 후기｜가성비 좋은...",https://blog.naver.com/haru_74/224301869130|https://blog.naver.com/gksskgkssk44/224301864559|https://blog.naver.com/insightmina/224301839989|https://blog.naver.com/pa9595-/224301838624|https://blog.naver.com/leesooki/224301804555
91,food,의정부,24,12,61.56,맛집|맛집추천|점심맛집|내돈내산맛집|핫플맛집|저녁맛집|서울맛집|국내여행|당일치기|서울근교여행|국내여행추천|가볼만한곳,"의정부 단체회식, 가성비 좋은 썰잡정육식당을 추천합니다!|의정부 신곡동 헬스장 얼리버드짐 : 홈트 vs 헬스장 운동 비교...|[썰잡정육식당] 의정부고깃집, 맛있는 고기와 가성비의 조화!|[의정부역 맛집 ] 미나리 삼겹살 쌈이 무한리필되는 가성비...|진하게 우려낸 황금빛 국물 몸보신 제대로 한 녹양역 삼계탕 맛집",https://blog.naver.com/kl6372/224301878347|https://blog.naver.com/earlybirdgym/224298431228|https://blog.naver.com/zuqx6937/224301867041|https://blog.naver.com/mine__mind/224301815004|https://blog.naver.com/gaaamjaaa/224301741741
92,food,건대,28,8,61.52,맛집|맛집추천|내돈내산맛집|핫플맛집|점심맛집|저녁맛집|가볼만한곳|서울맛집,"[반지만들기 카페 건대점] 건대 반지 공방 / 건대 이색데이트...|희가득손만두|소주가 달아지는 민물매운탕 노포, 남한강민물매운탕|건대 술집 힙지로 39포차 친구들과 푸짐한 안주로 행복했던 하루|코노하 건대점 내돈내산 스프카레 찐 맛집 솔직 후기",https://blog.naver.com/ji042604/224301871069|https://blog.naver.com/supersoyoung-/224301865402|https://blog.naver.com/kke1741/224301860371|https://blog.naver.com/sunsun0713/224301859961|https://blog.naver.com/sosouhyun/224301819687
93,domestic_travel,김포,25,10,59.95,맛집|내돈내산맛집|핫플맛집|서울맛집|국내여행|국내여행추천|주말여행|당일치기|서울근교여행|가볼만한곳,김포 캠핑식당 캠픽 애견동반 놀이방 프라이빗 캠핑|[김포 카페] 소금빵 맛집 / 디저트 카페 / 김포 운양동에 위치한...|대명항 수산시장 시세 정리! 갑오징어 1만원? 요즘 장보기 완전...|김포 샤브샤브 맛집 풍무동 가족외식 추천 소담촌 풍무역점|카페 추천 <르퐁당 베이커리 카페> 넓고 감성적인 베이커리 맛집,https://blog.naver.com/gkdmsgkfn/224301875959|https://blog.naver.com/ss2um/224301810432|https://blog.naver.com/yoonji-a/224301731080|https://blog.naver.com/yiyk626/224301795681|https://blog.naver.com/hi2392/224301541844
94,domestic_travel,광화문,25,10,59.95,맛집추천|점심맛집|서울맛집|가볼만한곳|내돈내산맛집|핫플맛집|저녁맛집|국내여행|국내여행추천|당일치기,"덕수궁 돌담길 산책 후 광화문 맛집 햄버거 찾는다면?...|광화문 고깃집 맛집 추천 (광화문 회식 장소, 단체 모임 추천)|미슐랭 맛집 진중 우육면관 본점 주말 오픈런 내돈내산 솔직...|종각역 맛집 크루아타이커진 태국음식 후기|광화문 스시 맛집 일품 메뉴 추천",https://blog.naver.com/jinlogue/224301814082|https://blog.naver.com/justkeep_swimming/224301797608|https://blog.naver.com/yellow_kiiro_/224301732798|https://blog.naver.com/gmltjd05170/224301642299|https://blog.naver.com/02haeun/224300487136
95,domestic_travel,송도,22,14,59.58,맛집|맛집추천|점심맛집|저녁맛집|국내여행|주말여행|내돈내산맛집|핫플맛집|여행코스|서울맛집|가볼만한곳|국내여행추천|서울근교여행|당일치기,"송도 맛집 추천 삼교리동치미막국수 인천송도점 들기름막국수...|송도베이커리카페 솔트스테인 , 송도소금빵 맛집 방문 후기|제천 가볼만한곳 중앙시장 제천빨간오뎅 먹거리 투어|인천 구송도 토스트 맛집 추천 , <송도토스트국수> 솔직 후기|[송파 맛집 ] 대가족 모임에 최적인 송도갈비 송파가락점 후기...",https://blog.naver.com/blossom_camper/224301876474|https://blog.naver.com/hithery/224301860134|https://blog.naver.com/l22430/224301748767|https://blog.naver.com/dlwjddls0818/224301728816|https://blog.naver.com/doridori_happy/224301713220
96,food,삼성,27,8,59.33,맛집|저녁맛집|맛집추천|내돈내산맛집|점심맛집|핫플맛집|서울맛집|주말여행,"무탄 삼성역 맛집 연예인도 찾아오는 코엑스 중식 맛집 다양한...|[시추안하우스] 삼성역 회식 중식당 중국요리 추천 맛집 ! ️|ㅣ 삼성역 맛집 , 봉은사ㅣ 강남 챠지티 ㅣ30년된 포대기 애착인형|2026.5.31 kbo 순위, 다음 일정|강남 어복쟁반 서관면옥 삼성점 삼성 비빔냉면 맛집 추천",https://blog.naver.com/tbtb--8282/224301867604|https://blog.naver.com/rkdus5485/224301865656|https://blog.naver.com/rurix_doll/224301862852|https://blog.naver.com/28686/224301859598|https://blog.naver.com/seohyun051111/224301805123
97,food,양재,28,7,58.22,맛집|점심맛집|저녁맛집|맛집추천|내돈내산맛집|핫플맛집|서울맛집,본점 지하 푸드코트 맛집 '양재옥'|돼지 곰탕 막국수 보쌈 맛집|양재동 프랑스요리 라비드쿤|양재역 점심 맛집 스시어부 런치 B세트 초밥12피스...|[양재 맛집 ] 살코기가 부드러운 초무감자탕 꼭 갈 수밖에 없는...,https://blog.naver.com/joeydayy/224301878978|https://blog.naver.com/cbear77/224301875019|https://blog.naver.com/parkhyun09202/224301872748|https://blog.naver.com/tableandtrail/224301870286|https://blog.naver.com/yvonne0227/224301863970
98,food,양양,22,13,58.06,맛집|점심맛집|저녁맛집|내돈내산맛집|맛집추천|핫플맛집|국내여행|가볼만한곳|여행코스|국내여행추천|주말여행|당일치기|서울근교여행,[양양] 26년 5월 양양여행 3일차|신논현역 맛집 서초 맛집 양양집 신논현점|[양양] 26년 5월 양양여행 2일차|한양양꼬치 천호본점 불향 가득 천호양꼬치 맛집 추천|범바우막국수 양양본점 양양쏠비치 근처 막국수 맛집 방문후기,https://blog.naver.com/koliucu/224301876933|https://blog.naver.com/wjdrlfgns1/224301872016|https://blog.naver.com/koliucu/224301867488|https://blog.naver.com/pa9595-/224301838624|https://blog.naver.com/jihyen0124/224301778910
99,food,서촌,23,11,57.15,맛집|맛집추천|점심맛집|저녁맛집|서울맛집|내돈내산맛집|핫플맛집|국내여행|국내여행추천|주말여행|가볼만한곳,"경복궁, 서촌의 봄|[을지로 맛집 ] 모임 회식 점심 맛집 추천ㅣ순메밀100%를 이용한...|[서촌 맛집 ] 경복궁역 숨은 냉면 맛집 ‘이가면옥’ 냉면+왕만두...|5월 일상|서촌 너울주막 서촌, 유럽풍 분위기가 가득한 테라스 서촌 맛집",https://blog.naver.com/ellie_dayy/224301872445|https://blog.naver.com/zzza_9/224301871352|https://blog.naver.com/nowadays1107/224301860791|https://blog.naver.com/kimyeeun1103/224301858527|https://blog.naver.com/hi_hj_/224288190367
100,food,판교,27,7,56.14,맛집|저녁맛집|맛집추천|내돈내산맛집|점심맛집|핫플맛집|가볼만한곳,"노을 지는 야장에서 맥주 한 잔, 판교역 맥주 맛집 시즌 리얼후기|판교 맛집 우대포 판교직영점 양념소갈비 소고기된장찌개 물냉면|모란역 중식 제이스팟에서 즐기는 고급 우육 샤브샤브 후기|판교 카카오아지트 데이트 맛집 이탈리안 라그릴리아|성남 소고기 맛집 제이스팟 봇들마을 훠궈 맛집 추천",https://blog.naver.com/erurida/224301876300|https://blog.naver.com/honey_210/224301870011|https://blog.naver.com/belitaaa276/224301869111|https://blog.naver.com/skysky551/224301858678|https://blog.naver.com/yms830606/224301806054
101,domestic_travel,서초,25,8,54.93,맛집|내돈내산맛집|저녁맛집|맛집추천|점심맛집|서울맛집|가볼만한곳|핫플맛집,"이가네양꼬치 사당점 서울 양꼬치 맛집 내돈내산 후기(웨이팅...|교대역 맛집 ‘서병장교대점’ 저녁메뉴 추천 부대찌개 맛집|교대역 냉면 맛집 추천 ! 20년 전통 원조 냉면집 서초면옥...|사당/이수 사당역 한식 맛집 녹(NOK) 런치 후기 ️ 정갈한 한식...|[서울/내방] 5가지 육수, 90가지 재료의 샤브샤브 천국! 봄담아...",https://blog.naver.com/h_sory/224301875811|https://blog.naver.com/august_2nd_/224301854618|https://blog.naver.com/like-impiglet/224301837355|https://blog.naver.com/mathilda14/224301762832|https://blog.naver.com/bloqold/224301724877
102,domestic_travel,송파,26,7,54.07,맛집|내돈내산맛집|저녁맛집|맛집추천|서울맛집|핫플맛집|점심맛집,"송파 문정 야장 고깃집 후기 (내돈내산 항정살 맛집 , + 문정 야장...|자꾸 생각나는 송파 맛집 1990 아구찜 방이본점|송파구 가락동 젤네일 맛집 추천 <시즌온뷰티> 솔직후기|소복재 방이본점 프리미엄 샤브샤브 송파나루역 맛집|블로그 지수 올리는 필살기, 내 글 상위 노출 전략",https://blog.naver.com/daonyya/224301870860|https://blog.naver.com/hellohj777/224301860613|https://blog.naver.com/lsoozn/224301840477|https://blog.naver.com/lifejin_/224301834088|https://blog.naver.com/pizza8230/224301828229
103,domestic_travel,더현대서울,26,7,54.07,맛집|내돈내산맛집|핫플맛집|서울맛집|가볼만한곳|맛집추천|저녁맛집,[더현대 서울 카페 추천] 아이와 함께 다녀온 핫플 에스프레소...|서울 더현대 화덕피자 라구파스타 후기|ㅣ 믿고 먹는 크림커피 라떼 맛집 여의도커피 내돈내산 추천 후기|IFC몰 근처 여의도 양갈비 맛집 관호 여의도본점|서울놀거리 더현대 플레이인더박스 실시간 구경하기,https://blog.naver.com/fvivian/224301860258|https://blog.naver.com/fvivian/224301739814|https://blog.naver.com/isyuk104/224301798434|https://blog.naver.com/yeseonm/224301812944|https://blog.naver.com/fvivian/224301695234
104,domestic_travel,일산,22,10,52.75,맛집|맛집추천|핫플맛집|내돈내산맛집|저녁맛집|서울맛집|당일치기|서울근교여행|가볼만한곳|국내여행추천,"울산 동구 일산지 맛집 데이트 하기 좋은 분위기 술집 은신처|일산 소갈비 동적깡통구이 일산라페스타직영점...|고양시파스타 맛집 양동이, 고양시데이트 장소 추천|소바 맛집|우동 맛집",https://blog.naver.com/melon_lifeun/224301878083|https://blog.naver.com/jjilucky777/224301872360|https://blog.naver.com/blissdreamful/224301866028|https://blog.naver.com/yull2ana/224301805188|https://blog.naver.com/yoohoojinjin/224301800511
105,food,이태원,22,9,50.66,맛집|점심맛집|저녁맛집|여행코스|맛집추천|핫플맛집|내돈내산맛집|가볼만한곳|서울맛집,1️⃣|용산 삼각지 스크린파크골프장 예약·요금·코스·주차 한번에...|점심 케르반 레스토랑 이태원점 이태원역 3번출구 케밥 맛집 추천|이태원 술집 추천 분위기 좋은 이자카야 고우 꼬치 맛집|[해방촌 맛집 ] 세몰리나 클럽,https://blog.naver.com/m1nguu/224301879345|https://blog.naver.com/world_10004/224301873849|https://blog.naver.com/ddmjys9/224301861317|https://blog.naver.com/ph9747/224301860203|https://blog.naver.com/thefarsideof/224301853948
106,food,안국,22,9,50.66,맛집|내돈내산맛집|점심맛집|맛집추천|서울맛집|핫플맛집|국내여행|국내여행추천|여행코스,"안국 맛집 다반에서 정성 가득한 한식으로 기분 좋은 포만감을...|제주 애월 카페 추천 지브리 감성 요거트볼과 치아바타 맛집 ...|[내돈내산] 안국역 브런치 맛집 , 도트블랭킷 안국점 방문 후기|안국 맛집 다반에서 익숙한 한식의 색다른 변주를 제대로...|그래도내가싫어진다면그건아마너의잘못일거야",https://blog.naver.com/lovevov26/224301874667|https://blog.naver.com/inzero8/224301874058|https://blog.naver.com/seo2_-/224301868304|https://blog.naver.com/kkhhff0414/224301867915|https://blog.naver.com/aahyune_/224301866593
107,food,왕십리,23,8,50.54,맛집|점심맛집|맛집추천|핫플맛집|저녁맛집|서울맛집|가볼만한곳|내돈내산맛집,"왕십리네일 누네일 왕십리점, 영롱한 자석 젤 패디 솔직 후기|2026년 5월 - (2)|연탄불 향 가득한 왕십리 곱창 먹고 볶음밥까지 든든하게...|맛집 으로 소문나있는 상왕십리 맛집 양은이네 상왕십리동점|[송탄] 왕십리곱창볶음 곱창구이 맛집 솔직후기",https://blog.naver.com/geniusjoanne/224301868539|https://blog.naver.com/mi3992/224301865484|https://blog.naver.com/moretomie/224301864514|https://blog.naver.com/cywo8554/224301864532|https://blog.naver.com/rlawl5534/224301857004
108,food,코엑스,21,10,50.36,맛집|점심맛집|맛집추천|내돈내산맛집|핫플맛집|서울맛집|국내여행|국내여행추천|가볼만한곳|여행코스,"5월의 마지막 날, 마곡에서 아내와 친구와 함께 나눈 행복한 시간|코엑스 마곡 카페디저트페어 후기|무탄 삼성역 맛집 연예인도 찾아오는 코엑스 중식 맛집 다양한...|5月|근처 카페 '피어커피'( 플랫화이트, 버터바 ) 내돈내산 방문 후기!",https://blog.naver.com/bctin/224301879006|https://blog.naver.com/rococodiva/224301879204|https://blog.naver.com/tbtb--8282/224301867604|https://blog.naver.com/rladlsdk_/224301840489|https://blog.naver.com/zkdlwms132/224301843814
109,food,선릉,24,7,49.91,맛집|맛집추천|내돈내산맛집|점심맛집|저녁맛집|서울맛집|가볼만한곳,[대치동]국수전골 맛집 / 뚝심한우 선릉역점|‘커피볶는곰’|롯데백화점강남 근처 원두 맛집 추천|3월 말고 3얼이라 칭하겠다|대치동 맛집 점심 메뉴 추천 한국에서 일본 맛집 을 느끼다 만목...,https://blog.naver.com/frvds/224301859334|https://blog.naver.com/dailyarchivelab/224301846672|https://blog.naver.com/youngkyung__/224301742133|https://blog.naver.com/drunkenbear_/224301736682|https://blog.naver.com/gypsyone/224301512668
110,domestic_travel,동대문,20,11,49.7,맛집|맛집추천|점심맛집|저녁맛집|서울맛집|내돈내산맛집|핫플맛집|국내여행|국내여행추천|가볼만한곳|여행코스,"[서울/동대문구 장안동] 입맛 싹 도는 닭도리탕 맛집 수빈마마...|청량리역 맛집 호우섬 내돈내산 도삭면 뽀짜이판 꿔바육 후기|디저트 추천｜백미당 우유아이스크림 내돈내산 후기|동대문 아지트 같은 대형카페 ☕️ 티프 동대문|동대문 찐노포 감성, 요즘 핫한 갑오징어구이 맛집 무지개호프...",https://blog.naver.com/forever-green/224301879163|https://blog.naver.com/pupufing/224301824607|https://blog.naver.com/8022430/224301714817|https://blog.naver.com/doeatlipa/224301831526|https://blog.naver.com/lttae/224301632429
111,food,남산,20,11,49.7,맛집|맛집추천|내돈내산맛집|서울맛집|핫플맛집|점심맛집|저녁맛집|가볼만한곳|국내여행|국내여행추천|서울근교여행,"시청역 THE 22: 시청역 고급카페 추천, 남산타워뷰, 메뉴추천...|[대구/한식] 들안길 한식 ‘남도명가’|서울 남산타워 맛집 방태막국수, 산책 후 시원한 물막국수와...|대구 한식 오마카세 “현방” 생일 내돈내산 아쉬운 후기...|남산카페콤포타블 뷰 맛집 인정, 서울 한복판에서 유럽 감성...",https://blog.naver.com/everyunoday/224301866623|https://blog.naver.com/victoria_b_2025/224301790359|https://blog.naver.com/lsoyoung1015/224301745563|https://blog.naver.com/honestzzang/224301739246|https://blog.naver.com/gokarisk/224301645970
112,domestic_travel,마곡,19,12,48.73,맛집|점심맛집|맛집추천|가볼만한곳|저녁맛집|내돈내산맛집|서울맛집|핫플맛집|국내여행|국내여행추천|당일치기|여행코스,"5월의 마지막 날, 마곡에서 아내와 친구와 함께 나눈 행복한 시간|마곡 한식 맛집 추천 삼찬옥 맛있었던 부대찌개 후기|까치산역 혼술 서연탄 마곡역 데이트 맛집|마곡 돈가스 맛집 오제제 마곡코엑스점 내돈내산 후기|발산역 야끼토리 맛집",https://blog.naver.com/bctin/224301879006|https://blog.naver.com/nomad_seohyeon/224301872956|https://blog.naver.com/lifejin_/224301869987|https://blog.naver.com/sileelife/224301831590|https://blog.naver.com/elsiii2/224301734539
113,domestic_travel,합정,19,12,48.73,맛집|맛집추천|핫플맛집|저녁맛집|서울맛집|가볼만한곳|점심맛집|내돈내산맛집|국내여행|당일치기|국내여행추천|주말여행,"홍대 곱창 맛집 뿔난황소곱창 홍대점, 곱창부터 볶음밥까지...|합정 보쌈 맛집 으로 저장 필수 평이담백 뼈칼국수 본점 후기|홍대 한우된장칼제비 야끼소바 명란구이 상수 술집 맛집 추천|평택 데이트 맛집 추천 _ 탭씨브루합정 2호점 솔직 후기|[합정 맛집 ] 곰탕계의 평양냉면, 흑백요리사 '옥동식' 솔직후기",https://blog.naver.com/fbehddns/224301864261|https://blog.naver.com/hey_miu__/224301859504|https://blog.naver.com/narozip/224301757470|https://blog.naver.com/ss4509/224301743687|https://blog.naver.com/yonilog77/224301777353
114,food,구리,21,9,48.35,맛집|가볼만한곳|맛집추천|내돈내산맛집|저녁맛집|점심맛집|서울맛집|여행코스|국내여행추천,"한강공원 셀프웨딩|담양아이리니펜션/담양펜션/메타프로방스/개구리 생태공원|""여기 물놀이장 무료라고?""...구리 왕숙천 도농체육공원, 여름...|바쿠 1순위, 헤이다르 알리예프 센터(Heydar Aliyev Center)...|[목포] 너구리 식당",https://blog.naver.com/ksoh0404/224301879001|https://blog.naver.com/santorini-8/224301873504|https://blog.naver.com/chance8202/224301841836|https://blog.naver.com/hi60s/224301867239|https://blog.naver.com/hansanlee_doyoo/224301858223
115,food,공덕,22,8,48.34,맛집|핫플맛집|점심맛집|저녁맛집|내돈내산맛집|맛집추천|가볼만한곳|서울맛집,마포미용실 프롬에이 머리하러 갔다가 이미지까지 바뀐 공덕...|마포미용실 추천 프롬에이 스타일 고민 끝내준 공덕 헤어살롱...|마포미용실 프롬에이 퍼스널 맞춤 스타일로 만족했던 헤어살롱|공덕 야장 탕수육 맛집 승환이네 평일 웨이팅|[종로 맛집 ] 소바 맛집 튀김 맛집 내돈내산후기 - 희희,https://blog.naver.com/ellyluv00/224301875142|https://blog.naver.com/eianna00/224301874197|https://blog.naver.com/king45111/224301873273|https://blog.naver.com/n4m6u/224301873077|https://blog.naver.com/djtptls55/224301867452
116,domestic_travel,분당,20,10,47.96,맛집추천|내돈내산맛집|점심맛집|저녁맛집|가볼만한곳|핫플맛집|국내여행|당일치기|주말여행|서울근교여행,"[경기도 성남] 분당 치킨 맛집, 단체 회식 맛집 추천 ""교촌치킨...|분당 서현역 감자탕 뼈구이 맛집, 혼밥 뼈해장국 찐 맛집 추천|수내역 맛집 고기집 제주몬트락 박포갈비와 톳냉면이 맛있는 곳|분당 정자점 (feat. 정자역 맛집 , 낙곱새, 한우곱창국밥)|[미금역 맛집 ] 진한 국물의 닭한마리 전문점 '수계옥 미금점...",https://blog.naver.com/lj3435/224301764643|https://blog.naver.com/dami629/224301762849|https://blog.naver.com/woochi92_31/224300806919|https://blog.naver.com/cuetygirl/224301852672|https://blog.naver.com/hun_eatrip/224301780244
117,food,석촌호수,23,7,47.83,맛집|저녁맛집|점심맛집|맛집추천|서울맛집|내돈내산맛집|핫플맛집,"잠실 맛집 오마카세 코스가 이렇게 좋을 줄, 스시이세이...|잠실 석촌 유지력 좋은 속눈썹펌 1인샵, 슈랑브로우 & 슈레브래쉬|잠실 석촌호수 함흥냉면 맛집 회냉면&만두 추천 ‘장옥정’|송파 석촌동 맛집 송파짬뽕 중식 석촌호수 송리단길 중국집 맛집|이제 곧 종강이다",https://blog.naver.com/narangg02-/224301878014|https://blog.naver.com/everyrule/224301870044|https://blog.naver.com/dla756/224301868921|https://blog.naver.com/heat4860/224301868834|https://blog.naver.com/lys_061020/224301860439
118,domestic_travel,광명,18,12,46.17,맛집|맛집추천|내돈내산맛집|점심맛집|저녁맛집|핫플맛집|주말여행|당일치기|서울근교여행|가볼만한곳|여행코스|국내여행추천,"제주공항 근처 김밥 맛집 추천, 제주 3대 김밥 다가미|[광명/ 소하동 맛집 ] 88부대찌개 소하동본점 솔직 후기! 푸짐함...|분당 정자점 (feat. 정자역 맛집 , 낙곱새, 한우곱창국밥)|14층 스카이뷰 루프탑에서 분위기 미쳤던 데이트 맛집 후기|새벽당일제조떡집 광명사거리떡집 미소래떡 방문 포장 후기!",https://blog.naver.com/meang_ddori/224301864416|https://blog.naver.com/matjoa1ng/224301834471|https://blog.naver.com/cuetygirl/224301852672|https://blog.naver.com/kdh01215/224299120687|https://blog.naver.com/allisweell/224301837540
119,domestic_travel,망원,17,12,43.6,맛집|점심맛집|저녁맛집|맛집추천|내돈내산맛집|서울맛집|핫플맛집|국내여행|당일치기|국내여행추천|서울근교여행|가볼만한곳,"망원동 고기 맛집 진평925 돼지갈비 가족모임 회식 주차 넓은 곳|합정 보쌈 맛집 으로 저장 필수 평이담백 뼈칼국수 본점 후기|[서울 마포] 망원동 주민 추천 맛집 “산이네회무침” 내돈내산...|망원시장 맛집 망원튀맥집 생맥주 고추튀김 내돈내산|브런치 맛집 ,망원동주말 데이트 코스/와인바&양식 맛집 ...",https://blog.naver.com/namyang123/224301873023|https://blog.naver.com/hey_miu__/224301859504|https://blog.naver.com/je_woo_/224301773278|https://blog.naver.com/gn02073/224301761065|https://blog.naver.com/yoonsoyoon04/224301716773
120,domestic_travel,하남,19,8,41.75,맛집|저녁맛집|맛집추천|가볼만한곳|내돈내산맛집|핫플맛집|당일치기|서울근교여행,"하남 덕풍 갑산면옥: 갈비탕, 한우칼국수, 단체회식 추천|가족끼리 가서 먹기 좋은 곳 스타필드 위례 맛집 비와별닭갈비...|미사역 텐동 맛집 찾는다면? 미사텐 솔직 후기❗️|하남 스타필드 맛집 추천 아기랑 데이트 ebt 후기|비와별닭갈비 스타필드 위례점 하남 맛집 추천 모임 장소로...",https://blog.naver.com/huuhuu420/224301873412|https://blog.naver.com/oreo3638/224301864116|https://blog.naver.com/yo563/224301821709|https://blog.naver.com/my_victoria/224301055228|https://blog.naver.com/kwon56231/224301788724
121,domestic_travel,교대,16,12,41.04,맛집추천|점심맛집|저녁맛집|가볼만한곳|서울맛집|내돈내산맛집|핫플맛집|국내여행|당일치기|국내여행추천|주말여행|서울근교여행,"교대역 맛집 ‘서병장교대점’ 저녁메뉴 추천 부대찌개 맛집|교대 맛집 추천 ! 된장전골이 맛있는 옥된장 교대점 후기|교대역 냉면 맛집 추천 ! 20년 전통 원조 냉면집 서초면옥...|광교 대형카페 추천, 르디투어 내돈내산 베이커리카페 후기|구리 갈매 카페 주이",https://blog.naver.com/august_2nd_/224301854618|https://blog.naver.com/doyou56/224301854524|https://blog.naver.com/like-impiglet/224301837355|https://blog.naver.com/luealcxohxo1/224301746696|https://blog.naver.com/day__bin/224301729258
122,domestic_travel,서울숲,16,11,39.76,맛집추천|내돈내산맛집|핫플맛집|점심맛집|저녁맛집|서울맛집|주말여행|국내여행추천|당일치기|가볼만한곳|여행코스,"성수 맛집 미쁘동 성수 방문 후기｜비주얼 끝판왕 토마토연어국수|사전예매 공연 후기 및 주변 맛집 추천 (feat 적재, 10cm)|성수 서울숲 맛집 “미테이블 성수본점” (주차, 웨이팅)|직장인 점심 메뉴로 추천하는, ‘성수설렁탕’ 내돈내산 솔직 후기|[성수/서울숲 카페] 진짜 튀르키예를 만날 수 있는 곳, 안탭리...",https://blog.naver.com/hj1021_song/224301850467|https://blog.naver.com/bi-yam/224301822845|https://blog.naver.com/lisianthus0330/224301814739|https://blog.naver.com/yookyeong_/224301767878|https://blog.naver.com/sense_chae/224301725755
123,domestic_travel,남산,16,11,39.76,맛집추천|내돈내산맛집|서울맛집|핫플맛집|점심맛집|국내여행|국내여행추천|가볼만한곳|여행코스|주말여행|서울근교여행,"[대구/한식] 들안길 한식 ‘남도명가’|서울 남산타워 맛집 방태막국수, 산책 후 시원한 물막국수와...|대구 한식 오마카세 “현방” 생일 내돈내산 아쉬운 후기...|남산카페콤포타블 뷰 맛집 인정, 서울 한복판에서 유럽 감성...|[대구 남산동/카페] 골목 끝에서 만난 아늑함 '탈린커피바'",https://blog.naver.com/victoria_b_2025/224301790359|https://blog.naver.com/lsoyoung1015/224301745563|https://blog.naver.com/honestzzang/224301739246|https://blog.naver.com/gokarisk/224301645970|https://blog.naver.com/bujson/224300168991
124,food,천호,18,8,39.55,맛집|내돈내산맛집|저녁맛집|점심맛집|맛집추천|핫플맛집|가볼만한곳|서울맛집,"온천장 돼지갈비 이구백갈비 양념돼지갈비 양념목갈비 온천장...|서울 강동 / 초밥의 신 부타 / 갓성비초밥 천호역 맛집|한양양꼬치 천호본점 불향 가득 천호양꼬치 맛집 추천|[과천] 과천정부청사역 곱창전골 웨이팅 맛집 , 호랑이굴 과천점|천호역 중식당 동국성 런치코스 B 후기｜가성비 좋은...",https://blog.naver.com/520mandoo/224301868689|https://blog.naver.com/gksskgkssk44/224301864559|https://blog.naver.com/pa9595-/224301838624|https://blog.naver.com/hyodong308/224301819113|https://blog.naver.com/leesooki/224301804555
125,domestic_travel,안국,16,10,38.37,맛집|내돈내산맛집|점심맛집|핫플맛집|서울맛집|국내여행|국내여행추천|주말여행|당일치기|가볼만한곳,"[내돈내산] 안국역 브런치 맛집 , 도트블랭킷 안국점 방문 후기|안국역 카페 추천, 공공재 커피 클럽 내돈내산 후기｜북촌 감성...|북촌 맛집 북촌데이트 북촌브런치 안국피자 웨이팅이 맛집 인정...|안국 술집 2차로 가기 좋은 느좋 이자카야 프루|힙한 한옥에서 즐기는 완벽한 햄버거, 안국 맛집 수제버거...",https://blog.naver.com/seo2_-/224301868304|https://blog.naver.com/bbangyi_/224301781479|https://blog.naver.com/phl000/224301739001|https://blog.naver.com/dotori0104/224301723287|https://blog.naver.com/topbuilding/224301756538
126,food,익선동,17,8,37.35,맛집|맛집추천|핫플맛집|저녁맛집|내돈내산맛집|점심맛집|서울맛집|가볼만한곳,익선동 맛집 '온정옥' 정갈한 한식 추천 갈비한상...|[서울/종로] 식물|카페 추천|익선동 데이트코스|한옥카페...,https://blog.naver.com/gbtjs9274/224301879152|https://blog.naver.com/tnwjd2854/224301825776|https://blog.naver.com/mabae29/224301798238|https://blog.naver.com/unicornring/224301845345|https://blog.naver.com/greenish-glow/224301659468
127,food,청담,16,9,36.84,맛집|핫플맛집|저녁맛집|가볼만한곳|여행코스|맛집추천|내돈내산맛집|점심맛집|서울맛집,청담동카페 데바스테이트 늦은 밤에도 좋은 로스터리 커피 맛집|청담동카페 추천 커피 좋아한다면 데바스테이트는 꼭 가보세요|데바스테이트|청담 로스터리 감성 가득한 커피 맛집 후기|[한강 걷기 챌린지] 청담대교에서 잠원한강공원까지! 한강 라면...,https://blog.naver.com/eianna00/224301879612|https://blog.naver.com/king45111/224301878379|https://blog.naver.com/ellyluv00/224301877433|https://blog.naver.com/janeflora/224301861327|https://blog.naver.com/yun97102/224301858903
128,food,신촌,16,9,36.84,맛집|저녁맛집|맛집추천|점심맛집|내돈내산맛집|핫플맛집|여행코스|가볼만한곳|서울맛집,"안녕하세요아름입니다잘부탁드립니다 / 아크룸 신촌|서울 더울 때 외식하기 좋은 신촌샤브샤브 맛집 추천 로운...|직장인 점심 메뉴로 추천하는, ‘성수설렁탕’ 내돈내산 솔직 후기|전주 카페 평화와 평화, 전주 맛집 청학동 들깨요리|2026년 기준 서울 유동인구 순위 TOP 15",https://blog.naver.com/aremy805/224301864605|https://blog.naver.com/khj2808/224301837908|https://blog.naver.com/yookyeong_/224301767878|https://blog.naver.com/gomezu/224301792011|https://blog.naver.com/chani890/224301670817
129,domestic_travel,판교,16,8,35.16,맛집|저녁맛집|맛집추천|내돈내산맛집|핫플맛집|점심맛집|주말여행|가볼만한곳,"노을 지는 야장에서 맥주 한 잔, 판교역 맥주 맛집 시즌 리얼후기|모란역 중식 제이스팟에서 즐기는 고급 우육 샤브샤브 후기|보령 냉면 맛집 판교수정냉면 솔직후기! 착한가격에 시원한 한 끼|[분당 판교] 판교 현대백화점 팝업스토어 5월, 6월 (5/29~6/4)...|판교 샐러드 맛집 건강해, 샐러드",https://blog.naver.com/erurida/224301876300|https://blog.naver.com/belitaaa276/224301869111|https://blog.naver.com/gmldnjsdkrak/224301704463|https://blog.naver.com/eatsss/224301758259|https://blog.naver.com/julia9804/224301733903
130,domestic_travel,코엑스,14,10,33.57,맛집|점심맛집|내돈내산맛집|핫플맛집|서울맛집|국내여행|국내여행추천|주말여행|가볼만한곳|여행코스,"5월의 마지막 날, 마곡에서 아내와 친구와 함께 나눈 행복한 시간|근처 카페 '피어커피'( 플랫화이트, 버터바 ) 내돈내산 방문 후기!|마곡 돈가스 맛집 오제제 마곡코엑스점 내돈내산 후기|코엑스 맛집 투어 신상 화덕피자 더 키친 일뽀르노 역대급...|서울 강서구 마곡 고기 맛집 ; 송도갈매기 마곡점",https://blog.naver.com/bctin/224301879006|https://blog.naver.com/zkdlwms132/224301843814|https://blog.naver.com/sileelife/224301831590|https://blog.naver.com/lavenderj-/224301772025|https://blog.naver.com/leestar0808/224301776831
131,food,대학로,17,6,33.08,맛집|내돈내산맛집|맛집추천|서울맛집|핫플맛집|가볼만한곳,"[혜화] 대학로 맛집 , 종로 단체배달 맛집 ""스시사소우"" 방문기|혜화 맛집 스케치테이블 내돈내산 솔직후기|혜화역 맛집 대학로쌀국수 포로이 대학로점 만족 후기|[서울 동숭동] 혜화즉석떡볶이 맛집 코야코에서 해물, 치즈...|배곧 점심 맛집 판코 배곧점 치즈멘치카츠정식 후기, 혼밥하기...",https://blog.naver.com/berryjam0302/224301868433|https://blog.naver.com/love-to-you/224301858071|https://blog.naver.com/valletta9/224301736835|https://blog.naver.com/bitchenpurple/224301682420|https://blog.naver.com/happy_gyum_1119/224301674764
132,domestic_travel,압구정,15,8,32.96,맛집|핫플맛집|저녁맛집|맛집추천|점심맛집|가볼만한곳|내돈내산맛집|서울맛집,청담동카페 데바스테이트 늦은 밤에도 좋은 로스터리 커피 맛집|[압구정피자] 압구정역 데이트 맛집 노모어피자에서 즐긴 피맥...|청담동카페 추천 커피 좋아한다면 데바스테이트는 꼭 가보세요|청담 상견례 맛집 추천 문보핫팟 파인다이닝|구찌 오스테리아 런치 솔직후기 생일 기념일 레스토랑 맛집 추천,https://blog.naver.com/eianna00/224301879612|https://blog.naver.com/eunrolove/224301878649|https://blog.naver.com/king45111/224301878379|https://blog.naver.com/6607144/224299479151|https://blog.naver.com/bonitanna/224301698808
133,food,북촌,15,8,32.96,맛집|내돈내산맛집|핫플맛집|점심맛집|가볼만한곳|서울맛집|국내여행|국내여행추천,"그래도내가싫어진다면그건아마너의잘못일거야|안국역 카페 추천, 공공재 커피 클럽 내돈내산 후기｜북촌 감성...|북촌 맛집 북촌데이트 북촌브런치 안국피자 웨이팅이 맛집 인정...|안국 술집 2차로 가기 좋은 느좋 이자카야 프루|힙한 한옥에서 즐기는 완벽한 햄버거, 안국 맛집 수제버거...",https://blog.naver.com/aahyune_/224301866593|https://blog.naver.com/bbangyi_/224301781479|https://blog.naver.com/phl000/224301739001|https://blog.naver.com/dotori0104/224301723287|https://blog.naver.com/topbuilding/224301756538
134,domestic_travel,강동,15,8,32.96,맛집추천|서울맛집|점심맛집|내돈내산맛집|핫플맛집|저녁맛집|서울근교여행|가볼만한곳,"굽은다리 맛집 , 새우버거 하나에 감탄했던 곳 (버거리 굽은다리점)|한양양꼬치 천호본점 불향 가득 천호양꼬치 맛집 추천|천호역 중식당 동국성 런치코스 B 후기｜가성비 좋은...|천호 돈까스랑 칼국수랑 내돈내산 후기|# 부천 고강동 맛집 _ 내돈내산 홍두깨 칼국수 먹방 후기 일지 기록",https://blog.naver.com/insightmina/224301839989|https://blog.naver.com/pa9595-/224301838624|https://blog.naver.com/leesooki/224301804555|https://blog.naver.com/yesjun_/224301718168|https://blog.naver.com/songduri0221/224301686275
135,domestic_travel,북촌,14,9,32.24,내돈내산맛집|핫플맛집|점심맛집|가볼만한곳|서울맛집|국내여행|국내여행추천|당일치기|서울근교여행,"안국역 카페 추천, 공공재 커피 클럽 내돈내산 후기｜북촌 감성...|북촌 맛집 북촌데이트 북촌브런치 안국피자 웨이팅이 맛집 인정...|안국 술집 2차로 가기 좋은 느좋 이자카야 프루|힙한 한옥에서 즐기는 완벽한 햄버거, 안국 맛집 수제버거...|북촌 카페 나들이 코스 추천 오설록 티하우스 북촌점 말차디저트",https://blog.naver.com/bbangyi_/224301781479|https://blog.naver.com/phl000/224301739001|https://blog.naver.com/dotori0104/224301723287|https://blog.naver.com/topbuilding/224301756538|https://blog.naver.com/nnn_nn10/224301629404
136,domestic_travel,천호,15,7,31.19,맛집추천|점심맛집|내돈내산맛집|가볼만한곳|서울맛집|서울근교여행|국내여행추천,한양양꼬치 천호본점 불향 가득 천호양꼬치 맛집 추천|천호역 중식당 동국성 런치코스 B 후기｜가성비 좋은...|천호 돈까스랑 칼국수랑 내돈내산 후기|[올리브영다이어트 추천] 슬림밸런스 grn으로 시작하는 건강한...|골프 마니아'와 함께한 ㅣ골프존카운티 안성H 라운딩 ( 내돈내산 ),https://blog.naver.com/pa9595-/224301838624|https://blog.naver.com/leesooki/224301804555|https://blog.naver.com/yesjun_/224301718168|https://blog.naver.com/onlylixe/224301857002|https://blog.naver.com/chung-0611/224301855591
137,domestic_travel,삼성,15,7,31.19,맛집추천|내돈내산맛집|점심맛집|저녁맛집|핫플맛집|서울맛집|주말여행,서울 매운음식 맛집 추천 시추안하우스 삼성점 마파두부밥|중앙해장 내돈내산 웨이팅 싫을 땐 서초점|코엑스 맛집 투어 신상 화덕피자 더 키친 일뽀르노 역대급...|대전 충남대 블루리본 중식당 연래춘대반점 삼선짜장 맛집 ...|깐부치킨 삼성점 코엑스 근처 재벌 기운 가득 품은 옛날통닭...,https://blog.naver.com/hawaii_nilla/224301734660|https://blog.naver.com/ban__di/224297813636|https://blog.naver.com/lavenderj-/224301772025|https://blog.naver.com/dapara00/224301517752|https://blog.naver.com/wldud2357/224301645924
138,domestic_travel,의정부,13,9,29.93,맛집추천|내돈내산맛집|핫플맛집|서울맛집|국내여행|당일치기|서울근교여행|국내여행추천|가볼만한곳,"진하게 우려낸 황금빛 국물 몸보신 제대로 한 녹양역 삼계탕 맛집|[의정부 소고기 맛집 ] 오늘은 고기 수혈하는 날! 의정부...|의정부 소곱창 맛집 , 의정부터미널 맛집 ‘건우황소곱창‘|[셀프바베큐장 추천] 고기 반입되는 캠핑 감성 양주...|[의정부 카페] 포어레스트: 숲속 힐링 감성과 글루텐프리 인생...",https://blog.naver.com/gaaamjaaa/224301741741|https://blog.naver.com/cnd4222/224301762420|https://blog.naver.com/ddudu_062/224301690801|https://blog.naver.com/my_nd2/224301601144|https://blog.naver.com/jeonghy2022/224301595199
139,food,혜화,15,6,29.19,맛집|내돈내산맛집|맛집추천|서울맛집|핫플맛집|가볼만한곳,"[혜화] 대학로 맛집 , 종로 단체배달 맛집 ""스시사소우"" 방문기|혜화 맛집 스케치테이블 내돈내산 솔직후기|혜화역 맛집 대학로쌀국수 포로이 대학로점 만족 후기|[서울 동숭동] 혜화즉석떡볶이 맛집 코야코에서 해물, 치즈...|대학로 화덕피자 근본 맛집 핏제리아오 혜화 본점 주말 웨이팅",https://blog.naver.com/berryjam0302/224301868433|https://blog.naver.com/love-to-you/224301858071|https://blog.naver.com/valletta9/224301736835|https://blog.naver.com/bitchenpurple/224301682420|https://blog.naver.com/minie30/224301672456
140,food,방배,13,8,28.56,맛집|내돈내산맛집|저녁맛집|맛집추천|핫플맛집|점심맛집|가볼만한곳|서울맛집,"이가네양꼬치 사당점 서울 양꼬치 맛집 내돈내산 후기(웨이팅...|방배 빵지순례 컨트리보이 후기(웨이팅, 구매제한 주차 등)|방배 맛집 더 맛있는 족발 보쌈 방배카페거리점_반반 족발...|[쏠트] 방배동 소금빵 원픽|[서울/내방] 5가지 육수, 90가지 재료의 샤브샤브 천국! 봄담아...",https://blog.naver.com/h_sory/224301875811|https://blog.naver.com/heej6868/224301866565|https://blog.naver.com/hanzi316/224301789767|https://blog.naver.com/imfine_2000/224301749048|https://blog.naver.com/bloqold/224301724877
141,food,정자,14,6,27.24,맛집|핫플맛집|맛집추천|내돈내산맛집|점심맛집|저녁맛집,"울산 북구 정자동 인스타 핫플 닭강정 맛집 신인숙...|[분당/정자] 분당 정자동 파스타 맛집 쏘렐라파스타 본점|정자동 카페 고급버터 디저트 맛집 선물 추천 하는 버터앤쉘터...|정자역 샐러드 맛집 추천 ! 건강하고 든든한 한 끼를 즐길 수...|[내돈내산] 수원 정자동 가성면돈, 아내랑 돈까스 오픈런...",https://blog.naver.com/chacha--e/224301876006|https://blog.naver.com/xihyxnss/224301848576|https://blog.naver.com/jhlife2019/224301800180|https://blog.naver.com/funfun-love/224301785392|https://blog.naver.com/unconditional_/224301757851
142,domestic_travel,익선동,13,7,27.03,맛집|맛집추천|핫플맛집|저녁맛집|내돈내산맛집|점심맛집|서울맛집,익선동 맛집 '온정옥' 정갈한 한식 추천 갈비한상...|[서울/종로] 식물|카페 추천|익선동 데이트코스|한옥카페...,https://blog.naver.com/gbtjs9274/224301879152|https://blog.naver.com/tnwjd2854/224301825776|https://blog.naver.com/mabae29/224301798238|https://blog.naver.com/greenish-glow/224301659468|https://blog.naver.com/dochan0226/224301642182
143,domestic_travel,사당,13,7,27.03,맛집|내돈내산맛집|저녁맛집|맛집추천|점심맛집|핫플맛집|서울맛집,이가네양꼬치 사당점 서울 양꼬치 맛집 내돈내산 후기(웨이팅...|파주 카페 추천 흑사당 아이랑 데이트하기 좋은 도넛 디저트|사당•이수역 소개팅하기 딱 좋은 분위기 맛집 추천|쁠랑떼|사당/이수 사당역 한식 맛집 녹(NOK) 런치 후기 ️ 정갈한 한식...,https://blog.naver.com/h_sory/224301875811|https://blog.naver.com/taenieieie/224301863486|https://blog.naver.com/meomul_dam/224301810805|https://blog.naver.com/mathilda14/224301762832|https://blog.naver.com/dingo159/224301719044
144,food,광명,13,7,27.03,맛집|맛집추천|내돈내산맛집|점심맛집|저녁맛집|핫플맛집|당일치기,"제주공항 근처 김밥 맛집 추천, 제주 3대 김밥 다가미|2026.5|[광명/ 소하동 맛집 ] 88부대찌개 소하동본점 솔직 후기! 푸짐함...|광명 맛집 내돈내산 점심 베스트 추천 주차 돼지집|광명사거리 브런치 맛집 , 훕훕베이글 광명사거리점 내돈내산 ...",https://blog.naver.com/meang_ddori/224301864416|https://blog.naver.com/mingu793/224301860324|https://blog.naver.com/matjoa1ng/224301834471|https://blog.naver.com/myori_01/224301742522|https://blog.naver.com/sxxgxxx/224301857362
145,domestic_travel,양재,13,7,27.03,맛집추천|내돈내산맛집|점심맛집|핫플맛집|저녁맛집|서울맛집|가볼만한곳,[다니에르 맛집 ] 매봉역 감자탕 만세감자탕 후기|강남 뼈찜 양재천 가성비 맛집 추천 만세감자탕 후기|양재역 점심 맛집 트래키 수제버거 맛 분위기 만족후기|강남쌀국수 양재점 내돈내산 후기|메뉴판 가격 총정리,https://blog.naver.com/lv_dior/224301836153|https://blog.naver.com/www7071/224301818458|https://blog.naver.com/gksdkz/224301720071|https://blog.naver.com/elena_kim1/224301845952|https://blog.naver.com/ralphauren/224301782391
146,domestic_travel,신사,12,8,26.37,맛집|내돈내산맛집|핫플맛집|서울맛집|점심맛집|당일치기|국내여행|여행코스,☕️[카페] 신사 가로수길 카페 그레이그리스트밀 내돈내산 후기|성수 맛집 도도한면｜한정판 갈치우동·크림자루우동 솔직후기|이토시마 후쿠오카 근교 여행 친구들과 당일치기 여행지 추천...|신사역 맛집 온다 후기｜2인 5만원대 코스요리 가성비가 미쳤다|[신사역 평양냉면 맛집 ] 의정부 평양면옥 신사점 외식 후기,https://blog.naver.com/hachorok/224301870488|https://blog.naver.com/mia_estoy_aqui/224301547292|https://blog.naver.com/rgw0109/224301856619|https://blog.naver.com/rlovu520/224301681790|https://blog.naver.com/healing-rattan/224301251404
147,food,인사동,12,8,26.37,맛집|점심맛집|맛집추천|내돈내산맛집|핫플맛집|서울맛집|국내여행|가볼만한곳,"[인사동 맛집 ] 인사동마늘보쌈 웨이팅/인사동보쌈 맛집 /누릉지...|인사동 한옥 맛집 추천 고씨네동해막국수 종로직영점 주말...|[서울/인사동] 도미인 EXPRESS 호텔, 조식 사우나 야식라멘...|인사동 가볼만한곳 찾다가 해본 도토리캐리커쳐 커플 캐리커처|전통 한옥의 감성과 무제한 라면·세탁의 실속을 다 잡은...",https://blog.naver.com/0123story/224301858043|https://blog.naver.com/ehdqjd0913/224301777280|https://blog.naver.com/s2s2751/224301853509|https://blog.naver.com/mig98/224301607888|https://blog.naver.com/dktigerjk/224301514798
148,domestic_travel,이태원,11,9,25.33,맛집추천|내돈내산맛집|점심맛집|여행코스|저녁맛집|핫플맛집|가볼만한곳|서울맛집|당일치기,"[해방촌 맛집 ] 세몰리나 클럽|주말 오픈런 웨이팅, 해산물...|[이태원] 바삭한 크러스트가 맛있는 뉴욕식 화덕피자...|이태원 피맥 핫플 서울 피자 맛집 추천 아노브|이태원 맛집추천 ) 감성뮤직바 <이태원딜런위스키하이볼혼술LP...",https://blog.naver.com/thefarsideof/224301853948|https://blog.naver.com/qqesffw/224301818104|https://blog.naver.com/gktvkt13/224301807460|https://blog.naver.com/nyangfutures/224301737836|https://blog.naver.com/t_mddn0208/224301840736
149,domestic_travel,건대,13,6,25.3,맛집추천|내돈내산맛집|핫플맛집|점심맛집|저녁맛집|서울맛집,"코노하 건대점 내돈내산 스프카레 찐 맛집 솔직 후기|건대 이자카야 추천|분위기+맛 둘다 잡은 ‘이자카야 하루...|왕십리 후기 / 한양대, 왕십리 맛집 , 양꼬치, 내돈내산 후기|한우육회와 야키토리 새벽까지 즐기는 세종대 맛집 데이트",https://blog.naver.com/sosouhyun/224301819687|https://blog.naver.com/pororona/224301806516|https://blog.naver.com/jugwanman/224301731307|https://blog.naver.com/l_shs2/224301852759|https://blog.naver.com/kim1991728/224301799785
150,food,광교,12,7,24.95,맛집|맛집추천|가볼만한곳|내돈내산맛집|핫플맛집|저녁맛집|점심맛집,"수지구 맛집 성복역 왓더버거 직화통새우버거 고기듬뿍...|[광교 맛집 ] 구워져 나와서 더 맛있는 특수부위 찐 맛집 , 광선집...|광교 써밋플레이스 — 아브뉴프랑 맞닿은 중대형 프리미엄 단지|수원 이의동 맛집 추천 수원조개구이 조개창고, 신선한 조개와...|광교파스타맛집_‘로마로’ 광교 데이트, 기념일 맛집 추천",https://blog.naver.com/lifemhk3535/224301873169|https://blog.naver.com/phk4330/224301873033|https://blog.naver.com/cozyhouse5194/224300099646|https://blog.naver.com/ye_rim_-/224301876910|https://blog.naver.com/xodnjssla1/224301847447
151,food,상수,12,7,24.95,맛집|맛집추천|핫플맛집|저녁맛집|서울맛집|가볼만한곳|점심맛집,"홍대 곱창 맛집 뿔난황소곱창 홍대점, 곱창부터 볶음밥까지...|[홍대 감자탕] 누리마을감자탕 홍대직영점 제육볶음...|홍대 한우된장칼제비 야끼소바 명란구이 상수 술집 맛집 추천|마포 소금구이 맛집 !! 합정역 벚꽃거리 맛집 마포소금구이 후기|코브하우스 • 상수역 카페",https://blog.naver.com/fbehddns/224301864261|https://blog.naver.com/sarung1020/224301802307|https://blog.naver.com/narozip/224301757470|https://blog.naver.com/younna825421/224301617767|https://blog.naver.com/clodie_j/224301609911
152,domestic_travel,문래,12,7,24.95,맛집추천|내돈내산맛집|점심맛집|서울맛집|핫플맛집|저녁맛집|가볼만한곳,"문래동 맛집 이한스시 생선회세트 점심특선 솔직후기|[문래] ""고트델리 문래"" 브런치 맛집 , 내돈내산, 미국 델리 감성|술집 추천, 분위기 좋고 가성비 좋은 데이트 맛집 내돈내산 후기!|문래동 카페 / 느좋 카페 '베르데커피' 디저트 맛집|해외 느낌 물씬 분위기 좋은 피자 파스타 맛집 BOP 비오피 문래점",https://blog.naver.com/woncon/224301810512|https://blog.naver.com/y159159/224301790741|https://blog.naver.com/mings_92/224301847979|https://blog.naver.com/mozzi_111/224301843376|https://blog.naver.com/dpfladl10/224301742740
153,domestic_travel,대학로,12,6,23.35,맛집|내돈내산맛집|맛집추천|핫플맛집|서울맛집|가볼만한곳,"혜화 맛집 스케치테이블 내돈내산 솔직후기|혜화역 맛집 대학로쌀국수 포로이 대학로점 만족 후기|[서울 동숭동] 혜화즉석떡볶이 맛집 코야코에서 해물, 치즈...|배곧 점심 맛집 판코 배곧점 치즈멘치카츠정식 후기, 혼밥하기...|ᰔᩚ 혜화원데이클래스",https://blog.naver.com/love-to-you/224301858071|https://blog.naver.com/valletta9/224301736835|https://blog.naver.com/bitchenpurple/224301682420|https://blog.naver.com/happy_gyum_1119/224301674764|https://blog.naver.com/happy_ina119/224301585062
154,domestic_travel,구리,10,9,23.03,맛집|가볼만한곳|내돈내산맛집|저녁맛집|서울맛집|국내여행|국내여행추천|주말여행|서울근교여행,"담양아이리니펜션/담양펜션/메타프로방스/개구리 생태공원|신상 디저트 케이크 도전, <두바이 아이스박스> 내돈내산 솔직후기|구리 갈매 카페 주이|통창 숲뷰가 예쁜 서울근교 대형카페 추천|in 강릉",https://blog.naver.com/santorini-8/224301873504|https://blog.naver.com/dongji_97/224301810356|https://blog.naver.com/day__bin/224301729258|https://blog.naver.com/ja_c_04/224301823827|https://blog.naver.com/japdaguri_2ye/224300998406
155,domestic_travel,한남동,11,7,22.87,맛집|맛집추천|저녁맛집|내돈내산맛집|핫플맛집|서울맛집|당일치기,"성률 전시회 여름을 닮은 우리 그라운드시소 한남 일정 및 예약...|안안녕하세요, 박수현입니다.|[서울/용산] 한남동 저녁 추천 ! 소주가 술술들어가는...|[한남 아벡쉐리] 당 떨어질 때 이태원 디저트 한남 소금빵 맛집 ...|한남동 스미스앤월렌스키 토마호크 스테이크 후기 l 시카고룸...",https://blog.naver.com/dldydgy456/224298022069|https://blog.naver.com/sssuuu_h/224301860349|https://blog.naver.com/marazin_/224301710568|https://blog.naver.com/t_mddn0208/224301840736|https://blog.naver.com/drop_two0223/224301719262
156,food,미사,11,7,22.87,맛집추천|저녁맛집|가볼만한곳|내돈내산맛집|핫플맛집|국내여행|국내여행추천,미사역 텐동 맛집 찾는다면? 미사텐 솔직 후기❗️|하남 맛집 고메스퀘어 미사점 초밥뷔페로 딱 좋아요|[경기/하남] 미사역 쌈밥 한식 가성비 맛집 추천|‘해송쌈밥’...|[ 맛집 ] 미사리밀빛 초계국수... 인계동,https://blog.naver.com/yo563/224301821709|https://blog.naver.com/k02mmmm/224301790513|https://blog.naver.com/l0vi2w/224301702990|https://blog.naver.com/orion7yj/224301781507|https://blog.naver.com/lolroy231004/224301589277
157,food,뚝섬,14,4,22.53,핫플맛집|저녁맛집|서울맛집|가볼만한곳,뚝섬역 맛집 술있는식탁 다양한 전통주와 마장동 육회가 있는 곳|성수 빵지순례 디저트 맛집 메이타왕 소금 에그타르트 줄서서...|성수역 맛집 도토리오븐|지브리 감성 가득한 그릭요거트...|성수 뚝섬역 점심 맛집 이응 국밥｜라멘 같은 국물에 밥...,https://blog.naver.com/jinlicious/224301821046|https://blog.naver.com/imdressholic/224298382291|https://blog.naver.com/zldzld1223/224301596715|https://blog.naver.com/s2in____wo/224301586047|https://blog.naver.com/ddalki_abc/224301573035
158,food,송리단길,12,5,21.5,맛집|점심맛집|맛집추천|서울맛집|핫플맛집,"잠실 석촌 유지력 좋은 속눈썹펌 1인샵, 슈랑브로우 & 슈레브래쉬|송파 석촌동 맛집 송파짬뽕 중식 석촌호수 송리단길 중국집 맛집|고추잡채밥과 부드러운 꽃빵의 조화가 훌륭한 송리단길 중식 맛집|잠실 서보 • 태국식 덮밥과 국밥 맛집|잠실 송리단길 야장 맛집 :: 대강",https://blog.naver.com/everyrule/224301870044|https://blog.naver.com/heat4860/224301868834|https://blog.naver.com/zeropsm/224301859534|https://blog.naver.com/sharulog/224301749462|https://blog.naver.com/yuadver0723cy/224301701995
159,domestic_travel,왕십리,10,7,20.79,맛집추천|핫플맛집|점심맛집|저녁맛집|서울맛집|가볼만한곳|내돈내산맛집,"[왕십리 포장맛집] 큰손닭강정... 있는 왕십리 닭강정 맛집 추천|행당동 맛집 왕십리 삼겹살 청모 장소 추천 푸줏산생고기점...|왕십리 후기 / 한양대, 왕십리 맛집 , 양꼬치, 내돈내산 후기|[서울/왕십리] 한양대 근처 피맥 맛집 : 낙원스낵 왕십리 본점|[왕십리 맛집 ] 입안 가득 퍼지는 바다의 맛, ‘스시도쿠 카미동...",https://blog.naver.com/happy-ja/224301856603|https://blog.naver.com/bubblys2/224301670070|https://blog.naver.com/jugwanman/224301731307|https://blog.naver.com/mmmingkoo/224301785309|https://blog.naver.com/fami323/224301653538
160,domestic_travel,서촌,10,7,20.79,핫플맛집|점심맛집|서울맛집|국내여행|가볼만한곳|국내여행추천|주말여행,"서촌 가볼만한곳 ‘스태픽스’ 뷰 맛집 테라스 카페 웨이팅...|서촌 데이트 코스|준수방키친-카페 오쁘띠베르-연사주...|[서촌] 서촌 맛집 안덕, 웨이팅해서 먹은 이북식 만둣국 후기|정통 스위스 가정집 라 스위스 서촌 내돈내산 솔직후기",https://blog.naver.com/donghaengjip/224301523381|https://blog.naver.com/dlfeodlfzz/224301803776|https://blog.naver.com/writer_905/224301647951|https://blog.naver.com/yejin4752/224301062190|https://blog.naver.com/ijuh6012/224301036724
161,food,해방촌,9,9,20.72,맛집|내돈내산맛집|저녁맛집|맛집추천|점심맛집|여행코스|핫플맛집|서울맛집|당일치기,"광주 야장 해방촌 :: 포장마차 감성 찐 맛집 / 뼈찜세트 추천 후기|[해방촌 맛집 ] 세몰리나 클럽|주말 오픈런 웨이팅, 해산물...|[해방촌] 브런치 오파토|라비스타 : 해방촌 데이트 분위기 야경 맛집",https://blog.naver.com/eunkiko/224301876944|https://blog.naver.com/thefarsideof/224301853948|https://blog.naver.com/lyric097/224301831863|https://blog.naver.com/eat-and-play/224301712376|https://blog.naver.com/gokarisk/224301645970
162,food,가로수길,10,6,19.46,맛집|내돈내산맛집|점심맛집|저녁맛집|핫플맛집|서울맛집,"☕️[카페] 신사 가로수길 카페 그레이그리스트밀 내돈내산 후기|창원장어덮밥 맛집 찾는다면, 양산도 창원점 히츠마부시 솔직후기|창원 용호동 가로수길 마당 테라스가 있는 브런치 맛집 썬댄스...|[가로수길데이트] 산솔 신사본점 고기냄새 안나는 맛집 맥적...|창원 가로수길 신상 맛집 루포 파스타",https://blog.naver.com/hachorok/224301870488|https://blog.naver.com/rossee_s2/224301868430|https://blog.naver.com/varadero_/224301864427|https://blog.naver.com/nuri02lee/224301862971|https://blog.naver.com/jea3420/224301850239
163,domestic_travel,혜화,10,6,19.46,맛집|내돈내산맛집|맛집추천|핫플맛집|서울맛집|가볼만한곳,"혜화 맛집 스케치테이블 내돈내산 솔직후기|혜화역 맛집 대학로쌀국수 포로이 대학로점 만족 후기|[서울 동숭동] 혜화즉석떡볶이 맛집 코야코에서 해물, 치즈...|ᰔᩚ 혜화원데이클래스|나만의 써지컬팔찌 만들기 공방...",https://blog.naver.com/love-to-you/224301858071|https://blog.naver.com/valletta9/224301736835|https://blog.naver.com/bitchenpurple/224301682420|https://blog.naver.com/happy_ina119/224301585062|https://blog.naver.com/nyang165/224301135455
164,domestic_travel,뚝섬,10,6,19.46,핫플맛집|저녁맛집|서울맛집|국내여행|국내여행추천|가볼만한곳,"뚝섬역 맛집 술있는식탁 다양한 전통주와 마장동 육회가 있는 곳|성수 뚝섬역 점심 맛집 이응 국밥｜라멘 같은 국물에 밥...|서울숲 술집 찾는다면 한음, 썸 타다 1일 될 것 같은 성수동...|뚝섬미용실 오슈아헤어 추천후기 단백질클리닉 맛집 - 빈...|뚝섬 맛집 자양동 맛집 건대 돈까스 / 카츠옹",https://blog.naver.com/jinlicious/224301821046|https://blog.naver.com/s2in____wo/224301586047|https://blog.naver.com/ddalki_abc/224301573035|https://blog.naver.com/jfshejta/224301845087|https://blog.naver.com/jiwoo8551/224300920671
165,domestic_travel,석촌,12,4,19.31,맛집|맛집추천|서울맛집|핫플맛집,자꾸 생각나는 송파 맛집 1990 아구찜 방이본점|잠실 서보 • 태국식 덮밥과 국밥 맛집|호수 맛집 비와별닭갈비 잠실직영점 잠실 가족 외식장소 추천|석촌역 2차 술집 데이트 맛집 추천 송파 야키토리 히토츠|방이동 맛집 찾는다면 1990 아구찜 방이본점이지요!,https://blog.naver.com/hellohj777/224301860613|https://blog.naver.com/sharulog/224301749462|https://blog.naver.com/drstt521/224301744370|https://blog.naver.com/dankesong/224301741893|https://blog.naver.com/wldud4910/224301731774
166,food,올림픽공원,9,7,18.71,맛집|맛집추천|점심맛집|저녁맛집|서울맛집|내돈내산맛집|핫플맛집,[을지로 맛집 ] 모임 회식 점심 맛집 추천ㅣ순메밀100%를 이용한...|[잠실] 방이시장 닭강정 맛집 닭강정아 본점｜서울 3대 닭강정...|올림픽공원 근처 포케 맛집 알라보 올림픽공원점 내돈내산 후기|강동구청역 맛집 달그락뭉티기... 신선함 인정 올림픽공원 맛집 후기|냐항 in 올림픽공원 맛집 베트남 쌀국수 반쎄오 반려견동반 가능,https://blog.naver.com/zzza_9/224301871352|https://blog.naver.com/yoo__s2/224301820783|https://blog.naver.com/lssbk2/224301763985|https://blog.naver.com/07_889/224301581003|https://blog.naver.com/sthgrey/224301845861
167,domestic_travel,신촌,8,8,17.58,맛집추천|점심맛집|내돈내산맛집|핫플맛집|저녁맛집|서울맛집|당일치기|가볼만한곳,"서울 더울 때 외식하기 좋은 신촌샤브샤브 맛집 추천 로운...|직장인 점심 메뉴로 추천하는, ‘성수설렁탕’ 내돈내산 솔직 후기|[부산] 2박 3일 맛집 여행 솔직후기 ㅣ 바다·소품샵·부산 맛집 ...|신촌마라탕 맛집, 라화쿵부 신촌점 후기｜신촌 점심맛집 ...|{찐찐 신촌역카레 맛집 후기} 맵기 조절 가능한 일본식카레 맛집 ...",https://blog.naver.com/khj2808/224301837908|https://blog.naver.com/yookyeong_/224301767878|https://blog.naver.com/archivennn/224301658142|https://blog.naver.com/suzzangtv/224301820287|https://blog.naver.com/daily__ella/224300435855
168,domestic_travel,청담,9,6,17.51,맛집|핫플맛집|저녁맛집|맛집추천|내돈내산맛집|서울맛집,청담동카페 데바스테이트 늦은 밤에도 좋은 로스터리 커피 맛집|청담동카페 추천 커피 좋아한다면 데바스테이트는 꼭 가보세요|데바스테이트|청담 로스터리 감성 가득한 커피 맛집 후기|청담 상견례 맛집 추천 문보핫팟 파인다이닝,https://blog.naver.com/eianna00/224301879612|https://blog.naver.com/king45111/224301878379|https://blog.naver.com/ellyluv00/224301877433|https://blog.naver.com/6607144/224299479151|https://blog.naver.com/rudyst81/224301718771
169,domestic_travel,역삼,9,6,17.51,맛집추천|내돈내산맛집|핫플맛집|서울맛집|국내여행|주말여행,부천역 고기집 맛집 추천 '수돈숯불갈비'|강남역 맛집 <라장 양갈비 양꼬치 무한리필> 갓성비 솔직후기...|역삼역 맛집 혼밥부터 회식까지 가능한 짬뽕지존 역삼점 솔직후기|강남 클리닉 헤어샵 르블라썸 강남역 복구매직으로 인생 머리...|소보키 강남점 미나리육전과 닭전골 조합이 미쳤던 강남역 술집,https://blog.naver.com/ddoddory_/224301827462|https://blog.naver.com/dream0568/224301717782|https://blog.naver.com/swiftcomposure/224301683372|https://blog.naver.com/loversia/224301560079|https://blog.naver.com/angels1st/224301509874
170,domestic_travel,정자,8,7,16.64,내돈내산맛집|점심맛집|저녁맛집|핫플맛집|주말여행|당일치기|서울근교여행,"분당 정자점 (feat. 정자역 맛집 , 낙곱새, 한우곱창국밥)|[정자 맛집 ] 하우공탕 : 맑고 깊은 국물이 일품인 곰탕세트...|바베큐 분당정자점 웨이팅 후기 (캐치테이블 예약 내돈내산 후기)|분당 정자역 신상 맛집|을지로 감성 야장 달맞이광장바베큐...",https://blog.naver.com/cuetygirl/224301852672|https://blog.naver.com/kimsally1214/224301725801|https://blog.naver.com/zhzhdk71/224301712770|https://blog.naver.com/jooya0711/224301617473|https://blog.naver.com/woochi92_31/224301033730
171,domestic_travel,해방촌,7,9,16.12,맛집|내돈내산맛집|저녁맛집|맛집추천|점심맛집|여행코스|핫플맛집|서울맛집|당일치기,"광주 야장 해방촌 :: 포장마차 감성 찐 맛집 / 뼈찜세트 추천 후기|[해방촌 맛집 ] 세몰리나 클럽|주말 오픈런 웨이팅, 해산물...|라비스타 : 해방촌 데이트 분위기 야경 맛집|남산카페콤포타블 뷰 맛집 인정, 서울 한복판에서 유럽 감성...",https://blog.naver.com/eunkiko/224301876944|https://blog.naver.com/thefarsideof/224301853948|https://blog.naver.com/eat-and-play/224301712376|https://blog.naver.com/gokarisk/224301645970|https://blog.naver.com/kevin4ever/224301846598
172,domestic_travel,미사,7,8,15.38,맛집추천|저녁맛집|가볼만한곳|핫플맛집|국내여행|국내여행추천|당일치기|서울근교여행,"미사역 텐동 맛집 찾는다면? 미사텐 솔직 후기❗️|[하남 미사] 하남 미사 마사지 추천, 더풋샵 미사역점 발마사지...|하남미사 맛집 - 도깨비황소곱창 모듬구이, 곱도리탕 후기|[수원 파란대문 장미] 행궁동 데이트 코스/ 수원 행궁동 장미...|감곡 매괴성당 미사 시간 충북 음성 천주교 성지 순례 후기",https://blog.naver.com/yo563/224301821709|https://blog.naver.com/yeonbbanglog/224301537822|https://blog.naver.com/accountingshin/224300764788|https://blog.naver.com/juchae0308/224301626560|https://blog.naver.com/kmd_lancye/224301310164
173,food,과천,7,7,14.56,맛집|맛집추천|핫플맛집|점심맛집|내돈내산맛집|주말여행|서울근교여행,"과천 단체주문 김밥 푸릇푸릇, 새벽을 깨운 단체 김밥 대량...|[과천] 과천정부청사역 곱창전골 웨이팅 맛집 , 호랑이굴 과천점|[과천] 계곡뷰 능이버섯백숙 돌담집식당 내돈내산 후기|관악산 과천향교 식당 향교집 닭볶음탕 내돈내산|가을 단풍 여행 어디로 떠나면 좋을지 고민하는 분들을 위한...",https://blog.naver.com/fruitfruit4700/224301865016|https://blog.naver.com/hyodong308/224301819113|https://blog.naver.com/azaz0304/224301833573|https://blog.naver.com/tigger_yj/224301731068|https://blog.naver.com/rutheelove/224299954806
174,domestic_travel,상수,7,7,14.56,맛집|맛집추천|핫플맛집|저녁맛집|서울맛집|가볼만한곳|당일치기,"홍대 곱창 맛집 뿔난황소곱창 홍대점, 곱창부터 볶음밥까지...|홍대 한우된장칼제비 야끼소바 명란구이 상수 술집 맛집 추천|마포 소금구이 맛집 !! 합정역 벚꽃거리 맛집 마포소금구이 후기|코브하우스 • 상수역 카페|상수 디저트",https://blog.naver.com/fbehddns/224301864261|https://blog.naver.com/narozip/224301757470|https://blog.naver.com/younna825421/224301617767|https://blog.naver.com/clodie_j/224301609911|https://blog.naver.com/startnote/224298599102
175,domestic_travel,석촌호수,9,4,14.48,맛집|맛집추천|서울맛집|핫플맛집,자꾸 생각나는 송파 맛집 1990 아구찜 방이본점|잠실 서보 • 태국식 덮밥과 국밥 맛집|방이동 맛집 찾는다면 1990 아구찜 방이본점이지요!|비와별닭갈비 잠실직영점 맛있는 닭갈비 맛집 잠실 맛집|방이동 맛집 1990 아구찜 방이본점 방이동 먹자골목 아구찜집,https://blog.naver.com/hellohj777/224301860613|https://blog.naver.com/sharulog/224301749462|https://blog.naver.com/wldud4910/224301731774|https://blog.naver.com/dannyja02/224301726267|https://blog.naver.com/doolgi_day17/224301717638
176,domestic_travel,방배,7,6,13.62,맛집|내돈내산맛집|저녁맛집|맛집추천|핫플맛집|서울맛집,"이가네양꼬치 사당점 서울 양꼬치 맛집 내돈내산 후기(웨이팅...|방배 맛집 더 맛있는 족발 보쌈 방배카페거리점_반반 족발...|[서울/내방] 5가지 육수, 90가지 재료의 샤브샤브 천국! 봄담아...|사당역 고기집 사당 고기집 바오로흑염소농장 몸보신 제대로|방배동 맛집 보태닉마켓, 아사이볼 솔직후기",https://blog.naver.com/h_sory/224301875811|https://blog.naver.com/hanzi316/224301789767|https://blog.naver.com/bloqold/224301724877|https://blog.naver.com/kimhansola/224301666689|https://blog.naver.com/ginnieee-/224301645243
177,food,상암,6,8,13.18,맛집추천|내돈내산맛집|점심맛집|가볼만한곳|핫플맛집|저녁맛집|서울맛집|당일치기,[상암DMC 맛집 ] 부리또킹 상암DMC점 – 직장인 점심엔 역시...|[ 내돈내산 ]맛과 비쥬얼 모두 완벽한 5성급 쉐프의 수제버거...|{찐찐 상암동베이커리카페 후기} 호텔에서 즐기는 감성 가득...|맛보기_ 서울 _마포구_우노네(파스타)|상암동 양은이네 동태탕 & 오징어보쌈 직장인 맛집 추천 동태 찌개,https://blog.naver.com/spiderheo/224301806159|https://blog.naver.com/woorizarang/224301755268|https://blog.naver.com/daily__ella/224301831053|https://blog.naver.com/danellpark/224301126853|https://blog.naver.com/youngandone4ever/224295721671
178,domestic_travel,광교,6,6,11.68,맛집추천|가볼만한곳|내돈내산맛집|핫플맛집|저녁맛집|점심맛집,"수원 이의동 맛집 추천 수원조개구이 조개창고, 신선한 조개와...|광교파스타맛집_‘로마로’ 광교 데이트, 기념일 맛집 추천|광교 호수공원 맛집 청년감자탕순대국 묵은지감자탕 후기|광교 대형카페 추천, 르디투어 내돈내산 베이커리카페 후기|광교 법조타운 맛집 , 야끼토리잔잔 광교점 후기!",https://blog.naver.com/ye_rim_-/224301876910|https://blog.naver.com/xodnjssla1/224301847447|https://blog.naver.com/domdobu/224301759569|https://blog.naver.com/luealcxohxo1/224301746696|https://blog.naver.com/smile085/224301833775
179,food,노량진,9,2,9.89,핫플맛집|서울맛집,"맛/노량진 팬케잌/노량진역 맛집 /노량진 간식 추천/노량진 가성비|노량진수산시장 청양수산 후기｜새벽 회 포장, 참돔...|고기 맛이 살아있는 짠돈 노량진 맛집|[ 서울 맛집 ] 서울 가락시장 횟집 맛집 / 장성수산|[ 서울 수산] 노량진수산시장 / 3인분 같은 2인분 모둠회 맛집",https://blog.naver.com/esh7240/224301539300|https://blog.naver.com/thenleave/224301636077|https://blog.naver.com/psh41677/224301608059|https://blog.naver.com/ssingssing21_/224301531949|https://blog.naver.com/ienajeung8/224301458227
180,domestic_travel,인사동,7,3,9.7,핫플맛집|서울맛집|국내여행,인사동 가볼만한곳 찾다가 해본 도토리캐리커쳐 커플 캐리커처|전통 한옥의 감성과 무제한 라면·세탁의 실속을 다 잡은...|조앤도슨 광화문점에서 프렌치토스트와 밀크티 즐기기 :)|[종로 청계천]'탭샵바' 와인 맥주 가볍게 한잔 하기 좋은...|국물 끝내주는 종로쌀국수 맛집 추천 :),https://blog.naver.com/mig98/224301607888|https://blog.naver.com/dktigerjk/224301514798|https://blog.naver.com/10000lab-/224301433091|https://blog.naver.com/oingkuku/224295731374|https://blog.naver.com/uamaluv/224300957432
181,domestic_travel,선릉,6,4,9.66,맛집추천|내돈내산맛집|점심맛집|서울맛집,대치동 맛집 점심 메뉴 추천 한국에서 일본 맛집 을 느끼다 만목...|[ 내돈내산 ] 강남 쪽 돌잔치... 딱 좋아 보였던 선릉 맛집 '동화고옥'|선릉역 샐러드 찾다가 발견한 건강한 혼밥 맛집 비프...|선릉 맛집 추천 신동궁 감자탕 뼈숯불구이 선릉직영점|[중랑/선릉] 중랑 장미축제 / 주토피아 발바닥 아이스크림...,https://blog.naver.com/drunkenbear_/224301736682|https://blog.naver.com/writer19/224301818486|https://blog.naver.com/minicontainer365/224301824416|https://blog.naver.com/wadaaa_/224300949643|https://blog.naver.com/happymj96/224290135330
182,domestic_travel,송리단길,6,3,8.32,맛집추천|서울맛집|핫플맛집,"잠실 서보 • 태국식 덮밥과 국밥 맛집|잠실 안목 돼지국밥 내돈내산 솔직후기! 깔끔한 인생 국밥집...|송리단길 ""로피""에 다녀오다!|석촌호수 맛집 우동 행복한우동가게 석촌호수점|잠실 맛집 진지아ㅣ송리단길 중식 찐 맛집 솔직 상세후기",https://blog.naver.com/sharulog/224301749462|https://blog.naver.com/bus7398/224301663287|https://blog.naver.com/jane_home10/224301734962|https://blog.naver.com/omni-scient/224301571883|https://blog.naver.com/jibbongjibang/224301560721
183,domestic_travel,과천,6,3,8.32,주말여행|서울근교여행|가볼만한곳,가을 단풍 여행 어디로 떠나면 좋을지 고민하는 분들을 위한...|과천 과학박물관 무료 물품보관함|서울 근교 장미 명소! 서울 대공원 장미축제 단 9일의 동화|[2026 서울 장미축제] 서울 대공원 장미원축제 완벽 가이드...|서울 장미축제 추천 서울 대공원 장미원 축제 일정 포토존...,https://blog.naver.com/rutheelove/224299954806|https://blog.naver.com/alal00424/224299707790|https://blog.naver.com/rjh7221/224296871303|https://blog.naver.com/starjkim9697/224296469575|https://blog.naver.com/pandamall1/224295363379
184,domestic_travel,노량진,6,2,6.59,핫플맛집|서울맛집,"맛/노량진 팬케잌/노량진역 맛집 /노량진 간식 추천/노량진 가성비|노량진수산시장 청양수산 후기｜새벽 회 포장, 참돔...|[ 서울 맛집 ] 서울 가락시장 횟집 맛집 / 장성수산|[ 서울 수산] 노량진수산시장 / 3인분 같은 2인분 모둠회 맛집|노량진 수산지장 방문 후기",https://blog.naver.com/esh7240/224301539300|https://blog.naver.com/thenleave/224301636077|https://blog.naver.com/ssingssing21_/224301531949|https://blog.naver.com/ienajeung8/224301458227|https://blog.naver.com/moment3655/224301375401
185,domestic_travel,가로수길,4,4,6.44,맛집|내돈내산맛집|핫플맛집|서울맛집,☕️[카페] 신사 가로수길 카페 그레이그리스트밀 내돈내산 후기|창원과일산도 맛집 데이산도 가로수길 신상 디저트카페|신사역 맛집 온다 후기｜2인 5만원대 코스요리 가성비가 미쳤다|홍대 정성옥 소주 888원 이벤트 (~6/30),https://blog.naver.com/hachorok/224301870488|https://blog.naver.com/aaaa10432/224301619736|https://blog.naver.com/rlovu520/224301681790|https://blog.naver.com/hotdealmap/224301070052
186,domestic_travel,공덕,4,3,5.55,맛집추천|내돈내산맛집|서울맛집,"[마포] 공덕역 닭갈비 맛집... 솔직후기, 마포 공덕역 맛집 추천|내돈내산 공덕 맛집 추천 깔끔하고 맛있는 탕화쿵푸마라탕 공덕점|조용히 비가 내리면 더 생각나는 전국 막걸리 맛집 5|공덕역 맛집 드렁킨타이 공덕점... 공덕 태국음식 맛집 추천",https://blog.naver.com/jy0318jy/224299090773|https://blog.naver.com/amy-amy-/224301766133|https://blog.naver.com/am9-25/224296214038|https://blog.naver.com/soo_jung1201/224300459142
187,domestic_travel,올림픽공원,3,3,4.16,맛집추천|핫플맛집|서울맛집,"[잠실] 방이시장 닭강정 맛집 닭강정아 본점｜서울 3대 닭강정...|강동구청역 맛집 달그락뭉티기... 신선함 인정 올림픽공원 맛집 후기|방이시장 닭강정 맛집 닭강정아 별관, 올림픽공원 맛집 으로...",https://blog.naver.com/yoo__s2/224301820783|https://blog.naver.com/07_889/224301581003|https://blog.naver.com/kjwnim7/224301007422
188,food,DDP,2,3,2.77,맛집|저녁맛집|서울맛집,“동대문DDP” 대나무 숙성 삼겹살 고깃집 맛집 ! 삼겹살...|동대문 DDP 맛집 델리커리 후기 인도카레 입문으로 좋았던 곳...,https://blog.naver.com/cozy_o0o/224301873224|https://blog.naver.com/soyh1234/224301510200
189,domestic_travel,상암,2,3,2.77,핫플맛집|저녁맛집|당일치기,{찐찐 상암동베이커리카페 후기} 호텔에서 즐기는 감성 가득...|젤리의 우울,https://blog.naver.com/daily__ella/224301831053|https://blog.naver.com/jiminian4076/224301859086
190,domestic_travel,DDP,1,1,0.69,서울맛집,동대문 DDP 맛집 델리커리 후기 인도카레 입문으로 좋았던 곳...,https://blog.naver.com/soyh1234/224301510200