rank,area,candidate_place,category,mention_count,sample_titles,sample_links
1,성수,포켓몬,popup,17,[성수 포켓몬 투어3] 서울숲 포켓몬 시크릿 포레스트 후기! 최단...|[성수 포켓몬 투어2] 올리브영N성수 포켓몬 30주년 파티 팝업...|서울 포켓몬 30주년 서울숲 메가페스타 웨이팅 후기|[성수 포켓몬 투어1] 메타몽 놀이터 웨이팅 꿀팁부터 한정판...|2026 포켓몬 메가페스타 일정부터 한정판 굿즈 종류까지 총정리,https://blog.naver.com/ejl0304-/224301823835|https://blog.naver.com/ejl0304-/224301806574|https://blog.naver.com/zzara64/224301806598|https://blog.naver.com/ejl0304-/224301778908|https://blog.naver.com/reviewer69/224301803363
2,성수,올리브영,popup,8,[성수 포켓몬 투어3] 서울숲 포켓몬 시크릿 포레스트 후기! 최단...|[성수 포켓몬 투어2] 올리브영N성수 포켓몬 30주년 파티 팝업...|[성수 포켓몬 투어1] 메타몽 놀이터 웨이팅 꿀팁부터 한정판...|5월 30일 성수 포켓몬 팝업 스토어 후기 (30주년 파티 올리브영...|성수 포켓몬스터 팝업 스토어 올리브영 골드 올리브 혜택 | 주말...,https://blog.naver.com/ejl0304-/224301823835|https://blog.naver.com/ejl0304-/224301806574|https://blog.naver.com/ejl0304-/224301778908|https://blog.naver.com/elly044/224301821306|https://blog.naver.com/jini1500/224301794276
3,성수,메타몽 놀이터,popup,4,[성수 포켓몬 투어3] 서울숲 포켓몬 시크릿 포레스트 후기! 최단...|[성수 포켓몬 투어1] 메타몽 놀이터 웨이팅 꿀팁부터 한정판...|5월 30일 성수 포켓몬 팝업 스토어 후기 (30주년 파티 올리브영...|성수 메타몽 놀이터 웨이팅 굿즈 입장 예약,https://blog.naver.com/ejl0304-/224301823835|https://blog.naver.com/ejl0304-/224301778908|https://blog.naver.com/elly044/224301821306|https://blog.naver.com/0chjk/224301633828
4,성수,멘야포모,restaurant,4,[성수]성수동 맛집 라멘 멘야포모|성수동 라멘 맛집 멘야포모에서 친구랑 데이트|성수동 맛집 라멘 멘치카츠 멘야포모 성수점|성수동 맛집 라멘 멘야포모 토마토똠양꿍라멘 치즈스페셜 세트...,https://blog.naver.com/jaeeun0885/224301768253|https://blog.naver.com/yumiyomi_opo/224301634555|https://blog.naver.com/vudod1/224297993583|https://blog.naver.com/msy911/224301564032
5,성수,토코보,popup,4,"성수 팝업 토코보 선스틱 , 이니스프리 무빙 팝업 , 클리오 서울숲...|[성수 데이트] 성수 팝업 데이트 (라코스테, 토코보, 뿔바투)|5월 4주 성수 팝업 모음 현장웨이팅|[성수 팝업] 토코보(TOCOBO) 팝업스토어 다녀온 솔직 후기...",https://blog.naver.com/slpbb/224301825084|https://blog.naver.com/colaunnie/224301753061|https://blog.naver.com/1210rudals/224301685672|https://blog.naver.com/yeja_life/224301591153
6,성수,능동미나리,restaurant,3,"[성수 맛집] 능동미나리 성수 솔직 후기! 미나리곰탕과...|[ 성수 ] 성수 맛집, 능동미나리 (능동 미나리곰탕, 육회비빔밥...|성수동 맛집 능동미나리 후기 성수동 도토리오븐 구움과자",https://blog.naver.com/ejl0304-/224301729809|https://blog.naver.com/watermeloneluv/224301713328|https://blog.naver.com/thgusaksu/224301647733
7,성수,도토리오븐,cafe,3,성수 감성 카페 도토리오븐 내돈내산 솔직 후기|성수동 맛집 능동미나리 후기 성수동 도토리오븐 구움과자|성수역맛집 도토리오븐 | 지브리 감성 가득한 그릭요거트...,https://blog.naver.com/eunsu_exe/224301703409|https://blog.naver.com/thgusaksu/224301647733|https://blog.naver.com/zldzld1223/224301596715
8,성수,무신사,popup,3,퀵뷰티 센슬 뮤트크림퍼퓸| A무신사 크림향수 찐후기|성수 기념일 데이트 코스 | 내돈내산 비프웰링턴 맛집 쏘옥 성수...|붉은기커버쿠션 샬랑드파리 커버쿠션 엑셀랑스 만족후기,https://blog.naver.com/ziwon93/224301802552|https://blog.naver.com/ganasdemundo/224292905039|https://blog.naver.com/kjiwoo01308/224301695247
9,성수,이니스프리,popup,3,"성수 팝업 토코보 선스틱 , 이니스프리 무빙 팝업 , 클리오 서울숲...|[성수,경희대,숭실대 팝업] 깐달걀 피부 만들기 이니스프리...|이니스프리X뷰티쁠 무빙 성수 팝업 스토어 100퍼 선물 받은 후기",https://blog.naver.com/slpbb/224301825084|https://blog.naver.com/trace_on_/224301753049|https://blog.naver.com/hogiacultural/224301742480
10,성수,토이스토리,popup,3,성수 토이스토리 파파존스 피자플래닛 팝업 총정리 (기간·메뉴...|5월 30일 성수 포켓몬 팝업 스토어 후기 (30주년 파티 올리브영...|성수 토이스토리 팝업 에서 앤디의 장난감이 되어보세요!...,https://blog.naver.com/kmiso77/224301821182|https://blog.naver.com/elly044/224301821306|https://blog.naver.com/millennialsworks/224301588601
11,성수,라코스테,popup,2,"[성수 가볼만한 곳 라코스테 폴로 팩토리] 라코스테 폴로 셔츠...|[성수 데이트] 성수 팝업 데이트 (라코스테, 토코보, 뿔바투)",https://blog.naver.com/blk_lg_ryan/224301775008|https://blog.naver.com/colaunnie/224301753061
12,성수,라코스테 폴로 팩토리,popup,2,"[성수 가볼만한 곳 라코스테 폴로 팩토리] 라코스테 폴로 셔츠...|[성수 데이트] 성수 팝업 데이트 (라코스테, 토코보, 뿔바투)",https://blog.naver.com/blk_lg_ryan/224301775008|https://blog.naver.com/colaunnie/224301753061
13,성수,서울국제정원박람회,exhibition,2,2026 서울국제정원박람회 방문기^_^ 서울숲 정원 박람회에서...|서울국제정원박람회 서울숲 서울놀거리 성수 가볼만한 곳,https://blog.naver.com/flytothemoon__/224301819459|https://blog.naver.com/lizela87/224301710027
14,성수,클리오,popup,2,"성수 팝업 토코보 선스틱 , 이니스프리 무빙 팝업 , 클리오 서울숲...|서울 ꕀ",https://blog.naver.com/slpbb/224301825084|https://blog.naver.com/pio11170/224301693217
15,성수,토이스토리 파파존스 피자플래닛 팝업,popup,2,성수 토이스토리 파파존스 피자플래닛 팝업 총정리 (기간·메뉴...,https://blog.naver.com/kmiso77/224301821182
16,성수,티르티르,popup,2,티르티르 성수 플래그십 1주년 행사 풍선장식|성수 팝업 티르티르 팝업 방문만해도 본품 (5월 팝업 ),https://blog.naver.com/moreshinyparty/224301690335|https://blog.naver.com/ttiizz/224301538847
17,성수,포켓몬 시크릿 포레스트,popup,2,[성수 포켓몬 투어3] 서울숲 포켓몬 시크릿 포레스트 후기! 최단...|생각보다 더 귀여운 서울숲 포켓몬 시크릿 포레스트 줄 안서고...,https://blog.naver.com/ejl0304-/224301823835|https://blog.naver.com/journexy/224300264673
18,성수,포켓몬 팝업,popup,2,"성수 포켓몬스터 팝업 스토어 올리브영 골드 올리브 혜택 | 주말...|포켓몬고 하면서 즐긴 서울숲, 성수동 포켓몬스터 30주년 팝업 ...",https://blog.naver.com/jini1500/224301794276|https://blog.naver.com/j_o2_f/224301644321
19,성수,포켓몬스터,popup,2,"성수 포켓몬스터 팝업 스토어 올리브영 골드 올리브 혜택 | 주말...|포켓몬고 하면서 즐긴 서울숲, 성수동 포켓몬스터 30주년 팝업 ...",https://blog.naver.com/jini1500/224301794276|https://blog.naver.com/j_o2_f/224301644321
20,성수,한강공원,activity,2,"한강 카약 윈드서핑 추천, 애견동반 한강물놀이 즐기기|뚝섬 주말 피크닉 볼거리 '농부의 시장' 한강공원 장터 내돈내산",https://blog.naver.com/gl_carlife/224301803483|https://blog.naver.com/qhoomi/224301809481
21,성수,ETF베이커리,cafe,2,"성수 데이트 코스 추천, 연못 뷰가 예쁜 ㅣ""ETF베이커리 성수""",https://blog.naver.com/kye3103/224301795991
22,성수,+ 쇼퍼백 성수 팝업,popup,1,틈결 에스더버니 키링.₍ᐢ. ̮.ᐢ₎ + 쇼퍼백,https://blog.naver.com/zzvvon/224301735063
23,성수,5월 6월 성수 팝업,popup,1,5월 6월 성수 팝업 처음이라면 필수 꿀팁 후기 스쿱이벤트 정보...,https://blog.naver.com/chae_ve_ly/224301783161
24,성수,가 성수디저트카페,cafe,1,[성수 카페] 성수동의 복잡한 거리에서 살짝 벗어나...,https://blog.naver.com/age2010/224301755252
25,성수,가기 전에 잠실갔는데 지브리 팝업,popup,1,여름오는 소리 엥엥엥,https://blog.naver.com/newz1y/224301726937
26,성수,가든페스티벌 사전예매 공연 후기 및 주변 현,unknown,1,2026 서울숲 가든페스티벌 사전예매 공연 후기 및 주변...,https://blog.naver.com/bi-yam/224301822845
27,성수,가볼 만한 곳 국제정원박람회,popup,1,"서울숲 가볼 만한 곳 국제정원박람회, 피크닉 하기, 포켓몬...",https://blog.naver.com/ktl0628_/224301600253
28,성수,가볼 만한 곳 국제정원박람회 피크닉 하기 포,popup,1,"서울숲 가볼 만한 곳 국제정원박람회, 피크닉 하기, 포켓몬...",https://blog.naver.com/ktl0628_/224301600253
29,성수,가볼만한 곳 라코스테 폴로 팩토리,popup,1,[성수 가볼만한 곳 라코스테 폴로 팩토리] 라코스테 폴로 셔츠...,https://blog.naver.com/blk_lg_ryan/224301775008
30,성수,가볼만한 곳 라코스테 폴로 팩토리 라코스테,popup,1,[성수 가볼만한 곳 라코스테 폴로 팩토리] 라코스테 폴로 셔츠...,https://blog.naver.com/blk_lg_ryan/224301775008
31,성수,가서 구경을 엄청함 뉴뉴 쇼핑 농담곰 팝업,popup,1,4월과5월 / 봄&초여름~,https://blog.naver.com/aexxuna/224301720870
32,성수,가정의 달 영화 보고 성수 넘어가서 뉴에라 팝업,popup,1,행보칸. 가정의.달,https://blog.naver.com/kimseohyun0226/224301794389
33,성수,각보다 빠르게 사람들 빠져서 괜춘했던 성수 팝업,popup,1,5월 4주 성수 팝업 모음 현장웨이팅,https://blog.naver.com/1210rudals/224301685672
34,성수,감성 카페 도토리오븐,cafe,1,성수 감성 카페 도토리오븐 내돈내산 솔직 후기,https://blog.naver.com/eunsu_exe/224301703409
35,성수,감성 카페 도토리오븐 내돈내산 솔직,cafe,1,성수 감성 카페 도토리오븐 내돈내산 솔직 후기,https://blog.naver.com/eunsu_exe/224301703409
36,성수,감성맛집,cafe,1,성수 감성 카페 도토리오븐 내돈내산 솔직 후기,https://blog.naver.com/eunsu_exe/224301703409
37,성수,강남 등 핵심 상권에 진출하며 글로벌 핫플,unknown,1,다이소 독주 막을까? 패션계 다이소 '뉴뉴' & 뷰티 아울렛...,https://blog.naver.com/damibini7/224300510397
38,성수,강동구청역맛집,restaurant,1,강동구청역맛집 달그락뭉티기 성내점 당일도축 한우 뭉티기...,https://blog.naver.com/07_889/224301581003
39,성수,거리와 팝업 스토어,popup,1,성수동 주차장 추천 : 한라시그마밸리2차 (2시간 4천 원),https://blog.naver.com/a4b4/224301596768
40,성수,건대 맛집,restaurant,1,[건대 맛집] 왕김밥 : 고물가 시대에 양과 맛으로 승부하는 김밥...,https://blog.naver.com/s_umnii/224292649430
41,성수,견 대가족 귀여운 핫도그 아기들 등 이번 팝업,popup,1,2026 6월 서울 팝업 ·전시 총정리 | 성수·코엑스·도서전...,https://blog.naver.com/getsbe_0/224301714023
42,성수,경희대 숭실대 팝업,popup,1,"[성수,경희대,숭실대 팝업] 깐달걀 피부 만들기 이니스프리...",https://blog.naver.com/trace_on_/224301753049
43,성수,경희대 숭실대 팝업 깐달걀 피부 만들기 이니,popup,1,"[성수,경희대,숭실대 팝업] 깐달걀 피부 만들기 이니스프리...",https://blog.naver.com/trace_on_/224301753049
44,성수,고 오래 검색한 끝에 발견한 성수동 브런치 카페,cafe,1,[성수동찐맛집!!] 프렌즈앤야드 핫플 인정! 비주얼+맛 다 잡았다,https://blog.naver.com/wol1000gogo/224299829221
45,성수,고 인생머리 찾음 오늘은 최근 다녀온 머리 맛집,restaurant,1,"성수 미용실 추천, 드안에서 매직하고 인생머리 찾음",https://blog.naver.com/sulming_/224301751634
46,성수,고민했던 제품이 있었지만 역시 품절이었네요 팝업,popup,1,5월 30일 성수 포켓몬 팝업 스토어 후기 (30주년 파티 올리브영...,https://blog.naver.com/elly044/224301821306
47,성수,골목길 다들 자주 가시죠 성수동에는 트렌디한,popup,1,성수동맛집 가성비 소고기 종결자 우향가 정육식당,https://blog.naver.com/92236/224301726366
48,성수,골목을 걷다 보면 시선을 사로잡는 힙한 외관,cafe,1,[성수동 카페 추천] 따우전드 성수 미국 감성 힙한 파이 맛집...,https://blog.naver.com/ejl0304-/224301741770
49,성수,공간 분리 방식에 따라 분위기 특히 브랜드 쇼룸,popup,1,성수 전시 공간 답답하지 않게 분리하려면 유리 부스가 답입니다,https://blog.naver.com/bssb8589/224299765401
50,성수,과일 찹쌀떡 종류와 상견례 선물 세트 보관,unknown,1,한정선 성수점 과일 찹쌀떡 종류와 상견례 선물 세트 보관 팁...,https://blog.naver.com/nstartkkh/224301354872
51,성수,구경 놀고 뚝섬가서 술 앤드 피자,popup,1,4월과5월 / 봄&초여름~,https://blog.naver.com/aexxuna/224301720870
52,성수,구움과자맛집,cafe,1,성수역맛집 도토리오븐 | 지브리 감성 가득한 그릭요거트...,https://blog.naver.com/zldzld1223/224301596715
53,성수,국제정원 박람회 페어리 프렌즈 가든 크크 안,popup,1,라춘 팝업 서울숲 국제정원 박람회 페어리 프렌즈 가든,https://blog.naver.com/stateoftaste/224301595284
54,성수,권은비 카페,cafe,1,성수 카페 ✨ 금은방 ✨ | 권은비 카페 내돈내산 직접 다녀온...,https://blog.naver.com/seojin0126_/224301572600
55,성수,권은비카페,cafe,1,성수 카페 ✨ 금은방 ✨ | 권은비 카페 내돈내산 직접 다녀온...,https://blog.naver.com/seojin0126_/224301572600
56,성수,귀멸의 칼날 전시회 얼리버드 티켓 정보와 예,exhibition,1,성수동 귀멸의 칼날 전시회 얼리버드 티켓 정보와 예매 꿀팁,https://blog.naver.com/awe0254/224300887732
57,성수,그릭요거트맛집,cafe,1,성수역맛집 도토리오븐 | 지브리 감성 가득한 그릭요거트...,https://blog.naver.com/zldzld1223/224301596715
58,성수,그타르트 줄서서 디저트 핫플 주차는 저희는 하우스,cafe,1,성수 빵지순례 디저트 맛집 메이타왕 소금 에그타르트 줄서서...,https://blog.naver.com/imdressholic/224298382291
59,성수,금 다른 결의 공간이라는 느낌을 받았습니다 바,popup,1,[성수동 데이트코스/외국인 친구 데려가기 좋은 곳] K-Beauty...,https://blog.naver.com/gguiary/224301550685
60,성수,금은방카페,cafe,1,성수 카페 ✨ 금은방 ✨ | 권은비 카페 내돈내산 직접 다녀온...,https://blog.naver.com/seojin0126_/224301572600
61,성수,기 스쿱이벤트 정보 안녕하세요 오늘은 성수 팝업,popup,1,5월 6월 성수 팝업 처음이라면 필수 꿀팁 후기 스쿱이벤트 정보...,https://blog.naver.com/chae_ve_ly/224301783161
62,성수,기념일 데이트 코스 내돈내산 비프웰링턴 맛집,restaurant,1,성수 기념일 데이트 코스 | 내돈내산 비프웰링턴 맛집 쏘옥 성수...,https://blog.naver.com/ganasdemundo/224292905039
63,성수,김퇴사 팝업,popup,1,생각보다 더 귀여운 서울숲 포켓몬 시크릿 포레스트 줄 안서고...,https://blog.naver.com/journexy/224300264673
64,성수,꿀팁과 굿즈 메이플 팝업,popup,1,"메이플스토리에 미친 여자,, 잠실 메이플 팝업 꿀팁과 굿즈...",https://blog.naver.com/hamster-777/224301633615
65,성수,나들이 를 떠나요 모다랑 함께 예약해놓고 갔,unknown,1,26년 3월 일기,https://blog.naver.com/leenaong/224301084269
66,성수,나들이 요즘 혼자 나들이 하는거 좋아 신발,unknown,1,초여름 일상,https://blog.naver.com/worud6697/224301797076
67,성수,나들이 코스로 강추합니다,restaurant,1,[성수]성수동 맛집 라멘 멘야포모,https://blog.naver.com/jaeeun0885/224301768253
68,성수,나들이 했어요 날씨는 너무 더웠지만,unknown,1,5월은 푸르구나,https://blog.naver.com/hoohooju_/224301770259
69,성수,남자 스트릿 패션 주얼리 브랜드 킹크로치 데,popup,1,성수동 남자 스트릿 패션 주얼리 브랜드 킹크로치 데우스 매장...,https://blog.naver.com/bemasoul123/224301797781
70,성수,내돈내산맛집,restaurant,1,성수 뚝섬역 점심 맛집 이응 국밥｜라멘 같은 국물에 밥...,https://blog.naver.com/s2in____wo/224301586047
71,성수,너무 핫플 은 정신없고 너무 조용한 곳은 데,restaurant,1,"서울숲 술집 찾는다면 한음, 썸 타다 1일 될 것 같은 성수동...",https://blog.naver.com/ddalki_abc/224301573035
72,성수,넘어가서 뉴에라 팝업 비스무리한 걸 갔는데요,popup,1,행보칸. 가정의.달,https://blog.naver.com/kimseohyun0226/224301794389
73,성수,네이버 플레이스 바로가기 +++ Turtle,cafe,1,서울성수동맛집 터틀힙 성수 생일 케이크로 추천하는 성수 핫플,https://blog.naver.com/wowhow112/224298515739
74,성수,노이 성수점,unknown,1,성수동밥집 분위기 좋은 베트남 음식점 노이 성수점,https://blog.naver.com/hyun951108_/224301780540
75,성수,놀거리 핫플 추천 포켓몬 콜라보 행사,activity,1,[서울/성수] 성수 놀거리 핫플 추천 포켓몬 콜라보 행사...,https://blog.naver.com/bbo_ah/224301644628
76,성수,놀거리로 유명한 포켓몬 콜라보 행사 올리브영,activity,1,[서울/성수] 성수 놀거리 핫플 추천 포켓몬 콜라보 행사...,https://blog.naver.com/bbo_ah/224301644628
77,성수,뉴뉴 아기자기한 거 천국,popup,1,여름오는 소리 엥엥엥,https://blog.naver.com/newz1y/224301726937
78,성수,능동미나리 성수지점 안녕하세요 오늘은 성수,restaurant,1,"[ 성수 ] 성수 맛집, 능동미나리 (능동 미나리곰탕, 육회비빔밥...",https://blog.naver.com/watermeloneluv/224301713328
79,성수,능동미나리는 평일 주말 할 것 없이 웨이팅이,restaurant,1,[성수 맛집] 능동미나리 성수 솔직 후기! 미나리곰탕과...,https://blog.naver.com/ejl0304-/224301729809
80,성수,다 화들짝 놀라거 어안이 벙벙한 채로 아무 카페,popup,1,5월 하늘의 투명한 색은,https://blog.naver.com/2kimsubin/224301801425
81,성수,다녀온 분들 기억하세요 저도 그때 센슬 팝업,popup,1,퀵뷰티 센슬 뮤트크림퍼퓸| A무신사 크림향수 찐후기,https://blog.naver.com/ziwon93/224301802552
82,성수,다양한 전통주와 마장동 육회가 있는 곳 육회맛집,restaurant,1,뚝섬역 맛집 술있는식탁 다양한 전통주와 마장동 육회가 있는 곳,https://blog.naver.com/jinlicious/224301821046
83,성수,단순히 예쁜 풍선 보다 브랜드 경험을 성수 팝업,popup,1,티르티르 성수 플래그십 1주년 행사 풍선장식,https://blog.naver.com/moreshinyparty/224301690335
84,성수,달맞이 광장 내돈내산 솔직 후기를 가져왔습니,restaurant,1,성수동 맛집 :) 분위기 좋은 레트로 술집 '성수 달맞이 광장...,https://blog.naver.com/kbe0911/224301573584
85,성수,달콤애플파이 겹겹이 쌓인 페이스트리와 진한,cafe,1,"호과당 성수 달콤애플파이, 겹겹이 쌓인 페이스트리와 진한...",https://blog.naver.com/paranikid/224301609064
86,성수,당일 기념 팝업,popup,1,다소 아쉬운 대응이었던 성수 피프티피프티 컴백 팝업 당일...,https://blog.naver.com/ohelia95/224301613940
87,성수,더 핫한 달그락뭉티기 성내점 인데요 올림픽공원,restaurant,1,강동구청역맛집 달그락뭉티기 성내점 당일도축 한우 뭉티기...,https://blog.naver.com/07_889/224301581003
88,성수,더현대서울 모찌모찌 팝업,popup,1,더현대서울 모찌모찌 팝업 디저트 기간 메뉴 가격 냉장보관,https://blog.naver.com/beaming_with_s/224301591725
89,성수,데려가기 좋은 곳 K-Beauty 성수동은 카페,popup,1,[성수동 데이트코스/외국인 친구 데려가기 좋은 곳] K-Beauty...,https://blog.naver.com/gguiary/224301550685
90,성수,데이트 나 나들이 계획,unknown,1,성수동밥집 분위기 좋은 베트남 음식점 노이 성수점,https://blog.naver.com/hyun951108_/224301780540
91,성수,데이트 라코스테 토코보 뿔바,popup,1,"[성수 데이트] 성수 팝업 데이트 (라코스테, 토코보, 뿔바투)",https://blog.naver.com/colaunnie/224301753061
92,성수,데이트 로 추천합니다 성수 데이트 로 추천합,unknown,1,황진이 — AI시대 사람과 사람 사이에 흐르는 기운...,https://blog.naver.com/sooyearnga/224301803541
93,성수,데이트 사진까지 당당하게 공개하며 애정을 과,unknown,1,나는 솔로 31기 순자 경수 현커 유지? 걸스토크 논란 뚫고...,https://blog.naver.com/buab00/224301809826
94,성수,데이트 성수 사람 왜케 많아요 리쿠가 무지부,unknown,1,온 세상이 전부 다 너야,https://blog.naver.com/x157_h/224301784293
95,성수,데이트 성수 팝업,popup,1,"[성수 데이트] 성수 팝업 데이트 (라코스테, 토코보, 뿔바투)",https://blog.naver.com/colaunnie/224301753061
96,성수,데이트 성수 팝업 데이트 라코스테 토코보 뿔,popup,1,"[성수 데이트] 성수 팝업 데이트 (라코스테, 토코보, 뿔바투)",https://blog.naver.com/colaunnie/224301753061
97,성수,데이트 성수는 여전히 핫 했다,popup,1,"[성수 데이트] 성수 팝업 데이트 (라코스테, 토코보, 뿔바투)",https://blog.naver.com/colaunnie/224301753061
98,성수,데이트 소개팅하기 좋은 이자카야 oukan,restaurant,1,성수동 데이트. 소개팅하기 좋은 이자카야 [oukan : 오우칸 성수],https://blog.naver.com/happydorylife/224301567803
99,성수,데이트 인증까지 공개되면서 오히려 두 사람의,unknown,1,"“경찰 조사 받은 적 없다”…나솔 31기 순자, 결국 법적 대응...",https://blog.naver.com/jh_item/224301818331
100,성수,데이트 코스 추천 뷰티 이색 팝업 모음 성수,popup,1,6월 성수동 데이트 코스 추천 뷰티 / 이색 팝업 모음,https://blog.naver.com/trenddigging/224301579621