rank,term,count,keywords,sample_titles,sample_links
1,성수,4824,더현대 팝업|무료 전시|서울 데이트|서울 데이트 코스|서울 맛집|서울 전시|서울 카페|서울 팝업스토어|성수 데이트|성수 맛집|성수 카페|성수 팝업|연남동 데이트|연남동 맛집|연남동 카페|을지로 맛집|을지로 카페|잠실 맛집|잠실 카페|한남동 데이트|한남동 맛집|한남동 카페,"자양4동A구역 신통 및 성수동 임장,현장에서만 느낄 수 있는점... | [성수 포켓몬 투어3] 서울 숲 포켓몬 시크릿 포레스트 후기! 최단... | 성수 토이스토리 파파존스 피자플래닛 팝업 총정리 (기간·메뉴...",https://blog.naver.com/sunshine_025/224301824171 | https://blog.naver.com/ejl0304-/224301823835 | https://blog.naver.com/kmiso77/224301821182
2,연남,3091,더현대 팝업|서울 데이트|서울 데이트 코스|서울 맛집|서울 전시|서울 카페|서울 팝업스토어|성수 데이트|성수 맛집|성수 카페|성수 팝업|연남동 데이트|연남동 맛집|연남동 카페|을지로 맛집|을지로 카페|잠실 맛집|잠실 카페|한남동 데이트|한남동 맛집|한남동 카페,[홍대 맛집/만동제과] 연남동 빵집에서 만난 인생 홍대 빵맛집... | 홍대 연남 서울 팔찌 공방 추천 언커무드 가격 친구랑 팔찌... | [연남동]조앤도슨,https://blog.naver.com/rachel_0112/224301828331 | https://blog.naver.com/alldayisnewday/224301827507 | https://blog.naver.com/530justdoit/224301827322
3,연남동,3025,더현대 팝업|서울 데이트|서울 데이트 코스|서울 맛집|서울 카페|서울 팝업스토어|성수 데이트|성수 맛집|성수 카페|성수 팝업|연남동 데이트|연남동 맛집|연남동 카페|을지로 맛집|을지로 카페|잠실 맛집|잠실 카페|한남동 데이트|한남동 맛집|한남동 카페,"[홍대 맛집/만동제과] 연남동 빵집에서 만난 인생 홍대 빵맛집... | [연남동]조앤도슨 | 신상 맛집 5월 오픈, 꼭 알아야 할 정보",https://blog.naver.com/rachel_0112/224301828331 | https://blog.naver.com/530justdoit/224301827322 | https://blog.naver.com/kcl3598/224301028837
4,한남,2466,더현대 팝업|무료 전시|서울 데이트|서울 데이트 코스|서울 맛집|서울 전시|서울 카페|서울 팝업스토어|성수 데이트|성수 맛집|성수 카페|성수 팝업|연남동 맛집|연남동 카페|을지로 맛집|을지로 카페|잠실 맛집|잠실 카페|한남동 데이트|한남동 맛집|한남동 카페,오월 야호-⭐︎ | 한남동 이태리하우스 매매ㅣ복층 펜트하우스 테라스 세대 서울 ... | 한남동 조용한 베이글 맛집 카페 페이퍼블랑 | 패션 5 신상...,https://blog.naver.com/hiyhiy_/224301818873 | https://blog.naver.com/ys1top/224301777346 | https://blog.naver.com/hootooteee/224301776881
5,한남동,2395,무료 전시|서울 데이트|서울 데이트 코스|서울 맛집|서울 전시|서울 카페|서울 팝업스토어|성수 데이트|성수 맛집|성수 카페|성수 팝업|연남동 맛집|연남동 카페|을지로 맛집|을지로 카페|잠실 맛집|잠실 카페|한남동 데이트|한남동 맛집|한남동 카페,한남동 이태리하우스 매매ㅣ복층 펜트하우스 테라스 세대 서울 ... | 한남동 조용한 베이글 맛집 카페 페이퍼블랑 | 패션 5 신상... | 댄스댄스댄스 | 서울 한남동 두부크림치즈 샌드위치 카페 ...,https://blog.naver.com/ys1top/224301777346 | https://blog.naver.com/hootooteee/224301776881 | https://blog.naver.com/mingment11/224301773597
6,잠실,2321,더현대 팝업|무료 전시|서울 데이트|서울 데이트 코스|서울 맛집|서울 전시|서울 카페|서울 팝업스토어|성수 데이트|성수 맛집|성수 카페|성수 팝업|연남동 데이트|연남동 맛집|연남동 카페|을지로 맛집|을지로 카페|잠실 맛집|잠실 카페|한남동 데이트|한남동 맛집|한남동 카페,만도와 그로구 그리고 자네 - 5월 일상 | I love you like fish loves the water | 잠실래미안아이파크 매물 세 자리 정리 — 104D 매매...,https://blog.naver.com/ally010308/224301797085 | https://blog.naver.com/soheon0604/224301790169 | https://blog.naver.com/songpa4988/224301768094
7,을지로,2076,더현대 팝업|서울 데이트|서울 데이트 코스|서울 맛집|서울 전시|서울 카페|서울 팝업스토어|성수 데이트|성수 맛집|성수 카페|성수 팝업|연남동 데이트|연남동 맛집|연남동 카페|을지로 맛집|을지로 카페|잠실 맛집|잠실 카페|한남동 데이트|한남동 맛집|한남동 카페,덕수궁 돌담길 산책 후 광화문 맛집 햄버거 찾는다면?... | 을지로3가역 카페 맛집 코스 추천 | 인현골방·셀러워크꽃밭... | [ 서울 /종로3가] 시애틀 커피하우스 종로3가점 :: 서울 3대...,https://blog.naver.com/jinlogue/224301814082 | https://blog.naver.com/sosolife323/224301806296 | https://blog.naver.com/ggaonii/224301740961
8,홍대,1856,더현대 팝업|무료 전시|서울 데이트|서울 데이트 코스|서울 맛집|서울 전시|서울 카페|서울 팝업스토어|성수 데이트|성수 맛집|성수 카페|성수 팝업|연남동 데이트|연남동 맛집|연남동 카페|을지로 맛집|을지로 카페|잠실 맛집|잠실 카페|한남동 데이트|한남동 맛집|한남동 카페,[홍대 맛집/만동제과] 연남동 빵집에서 만난 인생 홍대 빵맛집... | 홍대 연남 서울 팔찌 공방 추천 언커무드 가격 친구랑 팔찌... | 18.4,https://blog.naver.com/rachel_0112/224301828331 | https://blog.naver.com/alldayisnewday/224301827507 | https://blog.naver.com/wldbsrina/224301819559
9,더현대,954,더현대 팝업|무료 전시|서울 데이트|서울 데이트 코스|서울 맛집|서울 전시|서울 카페|서울 팝업스토어|성수 데이트|성수 맛집|성수 카페|성수 팝업|연남동 데이트|연남동 맛집|연남동 카페|잠실 맛집|잠실 카페|한남동 맛집|한남동 카페,"더현대 카페 카멜커피 ㅣ 믿고 먹는 크림커피 라떼 맛집... | 파주 스타필드 카페 자전거 빌릴 수 있는 팝사이클 | [일상] 이상 (3)_미피, 종이가구, 국립현대미술관 서울 , 줄이어폰",https://blog.naver.com/isyuk104/224301798434 | https://blog.naver.com/hyosunv/224301794172 | https://blog.naver.com/0_0729/224301779252
10,성수동,931,더현대 팝업|무료 전시|서울 데이트|서울 데이트 코스|서울 맛집|서울 전시|서울 카페|서울 팝업스토어|성수 데이트|성수 맛집|성수 카페|성수 팝업|연남동 데이트|연남동 맛집|연남동 카페|을지로 맛집|을지로 카페|잠실 맛집|잠실 카페|한남동 데이트|한남동 맛집|한남동 카페,"자양4동A구역 신통 및 성수동 임장,현장에서만 느낄 수 있는점... | [성수 포켓몬 투어3] 서울 숲 포켓몬 시크릿 포레스트 후기! 최단... | 성수 토이스토리 파파존스 피자플래닛 팝업 총정리 (기간·메뉴...",https://blog.naver.com/sunshine_025/224301824171 | https://blog.naver.com/ejl0304-/224301823835 | https://blog.naver.com/kmiso77/224301821182
11,강남,752,더현대 팝업|무료 전시|서울 데이트|서울 데이트 코스|서울 맛집|서울 전시|서울 카페|서울 팝업스토어|성수 데이트|성수 맛집|성수 카페|성수 팝업|연남동 데이트|연남동 맛집|연남동 카페|을지로 맛집|을지로 카페|잠실 맛집|잠실 카페|한남동 데이트|한남동 맛집|한남동 카페,AEO(AI 답변 엔진 최적화)란 진짜 무엇인가? SEO 차이점 및... | 한세희의 SSAT 프렙마스터 체계적 SSAT 보딩 지원 집중 | 전회경영어학원 맞춤 지도로 성적 향상 도움,https://blog.naver.com/njoytoday/224301827786 | https://blog.naver.com/zzz_o_oz/224294400197 | https://blog.naver.com/ghn66/224293764291
12,용산,683,더현대 팝업|무료 전시|서울 데이트|서울 데이트 코스|서울 맛집|서울 전시|서울 카페|서울 팝업스토어|성수 데이트|성수 맛집|성수 카페|성수 팝업|연남동 데이트|연남동 맛집|연남동 카페|을지로 맛집|을지로 카페|잠실 맛집|잠실 카페|한남동 데이트|한남동 맛집|한남동 카페,카페 드 우영미 이태원 루프탑 카페 | 꾸덕한 그릭요거트와 브런치를 즐기는 용리단길 대형 카페 추천... | [용산] 그랜드 하얏트 서울 갤러리 애프터눈티 주말 후기｜메종...,https://blog.naver.com/hanyipman/224295780815 | https://blog.naver.com/mukzzangsong/224301810764 | https://blog.naver.com/xihyxnss/224301790797
13,종로,638,더현대 팝업|무료 전시|서울 데이트|서울 데이트 코스|서울 맛집|서울 전시|서울 카페|서울 팝업스토어|성수 데이트|성수 맛집|성수 카페|성수 팝업|연남동 데이트|연남동 맛집|연남동 카페|을지로 맛집|을지로 카페|잠실 맛집|잠실 카페|한남동 데이트|한남동 맛집|한남동 카페,[ 서울 /종로] 식물 | 카페 추천 | 익선동 데이트코스 | 한옥 카페 ... | 종로 맛집 [파작] 요즘 핫한 청계천 인근에서 만날 수 있는... | 2026 5월 끗!!,https://blog.naver.com/tnwjd2854/224301825776 | https://blog.naver.com/ranislog/224300095551 | https://blog.naver.com/phk3966/224301814378
14,마포,595,더현대 팝업|무료 전시|서울 데이트|서울 데이트 코스|서울 맛집|서울 전시|서울 카페|서울 팝업스토어|성수 데이트|성수 맛집|성수 카페|성수 팝업|연남동 데이트|연남동 맛집|연남동 카페|을지로 맛집|을지로 카페|잠실 맛집|잠실 카페|한남동 데이트|한남동 맛집|한남동 카페,[홍대] 메인스트림 스튜디오 / 셀프사진관 커플사진 추천 | 근래 먹은 케이크 중에 1등 합정 카페 추천 연예인단골 합정역... | 마포구 누수 문제 해결과 거실 징후 및 대처법,https://blog.naver.com/eulw0206/224301818618 | https://blog.naver.com/mukzzangsong/224301812919 | https://blog.naver.com/oolht2450/224301047543
15,서울숲,592,더현대 팝업|무료 전시|서울 데이트|서울 데이트 코스|서울 맛집|서울 전시|서울 카페|서울 팝업스토어|성수 데이트|성수 맛집|성수 카페|성수 팝업|연남동 데이트|연남동 맛집|연남동 카페|을지로 카페|잠실 맛집|잠실 카페|한남동 데이트|한남동 맛집|한남동 카페,"서울 숲 카페 , 도쿄·홍콩까지 간 수플레 성수에서 직접... | [ 성수 포켓몬 투어3] 서울숲 포켓몬 시크릿 포레스트 후기! 최단... | 스물 아홉 5월",https://blog.naver.com/qufqlc525/224301704630 | https://blog.naver.com/ejl0304-/224301823835 | https://blog.naver.com/gaebyug01/224301821473
16,송파,526,더현대 팝업|무료 전시|서울 데이트|서울 데이트 코스|서울 맛집|서울 전시|서울 카페|서울 팝업스토어|성수 데이트|성수 카페|성수 팝업|연남동 데이트|연남동 카페|을지로 카페|잠실 맛집|잠실 카페|한남동 맛집|한남동 카페,송파맛집 추천 샤브올데이 망고올데이 시즌 시작! 생망고... | 잠실래미안아이파크 매물 세 자리 정리 — 104D 매매... | 대형 만화 카페 원플레이 잠실!닌텐도 보드게임 커플...,https://blog.naver.com/oliviasettia/224301775030 | https://blog.naver.com/songpa4988/224301768094 | https://blog.naver.com/ella_holiday/224301755069
17,이태원,490,서울 데이트|서울 데이트 코스|서울 맛집|서울 전시|서울 카페|서울 팝업스토어|성수 데이트|성수 맛집|성수 카페|성수 팝업|연남동 데이트|연남동 카페|을지로 맛집|을지로 카페|잠실 맛집|잠실 카페|한남동 데이트|한남동 맛집|한남동 카페,카페 드 우영미 이태원 루프탑 카페 | 서울 한옥 카페 /힐링과 자연이 있는 카페 | 55억에 샀는데 얼마나 올랐길래… 박명수 집 공개에 관심 폭발,https://blog.naver.com/hanyipman/224295780815 | https://blog.naver.com/polyscias151/224301793315 | https://blog.naver.com/najarnanvf2/224301748418
18,명동,449,더현대 팝업|무료 전시|서울 데이트|서울 데이트 코스|서울 맛집|서울 전시|서울 카페|서울 팝업스토어|성수 데이트|성수 맛집|성수 카페|성수 팝업|연남동 맛집|연남동 카페|을지로 맛집|을지로 카페|잠실 맛집|잠실 카페|한남동 데이트|한남동 맛집|한남동 카페,"7월 후쿠오카 날씨 총정리｜옷차림부터 여행 준비물, 실제... | 도보 3분, 명동 핵심 입지에서 보낸 서울 완전 정복 숙박 | 지난일을 현재진행형인 것처럼 떨쳐내지 못하다",https://blog.naver.com/now_n_forever112/224301819460 | https://blog.naver.com/stay_grade/224294045255 | https://blog.naver.com/rlarlaskskdusdus/224301797442
19,석촌,419,무료 전시|서울 데이트|서울 데이트 코스|서울 맛집|서울 전시|서울 카페|서울 팝업스토어|성수 데이트|성수 맛집|성수 카페|성수 팝업|을지로 카페|잠실 맛집|잠실 카페|한남동 데이트|한남동 맛집|한남동 카페,5월 기록 | 만도와 그로구 그리고 자네 - 5월 일상 | [잠실찐맛집!!] 오봉집 잠실새내점 해물 요리의 맛을 느껴보세요,https://blog.naver.com/patato_/224301822444 | https://blog.naver.com/ally010308/224301797085 | https://blog.naver.com/jsh54007/224299763016
20,여의도,409,더현대 팝업|무료 전시|서울 데이트|서울 데이트 코스|서울 맛집|서울 전시|서울 카페|서울 팝업스토어|성수 데이트|성수 맛집|성수 카페|성수 팝업|연남동 맛집|연남동 카페|을지로 맛집|을지로 카페|잠실 맛집|잠실 카페|한남동 맛집|한남동 카페,너무 순식간에 5월이었다 | 더현대 카페 카멜커피 ㅣ 믿고 먹는 크림커피 라떼 맛집... | 파주 스타필드 카페 자전거 빌릴 수 있는 팝사이클,https://blog.naver.com/splendid__days/224301814557 | https://blog.naver.com/isyuk104/224301798434 | https://blog.naver.com/hyosunv/224301794172
21,석촌호수,364,무료 전시|서울 데이트|서울 데이트 코스|서울 맛집|서울 전시|서울 카페|서울 팝업스토어|성수 데이트|성수 맛집|성수 카페|성수 팝업|잠실 맛집|잠실 카페|한남동 데이트|한남동 맛집|한남동 카페,5월 기록 | 만도와 그로구 그리고 자네 - 5월 일상 | [잠실찐맛집!!] 오봉집 잠실새내점 해물 요리의 맛을 느껴보세요,https://blog.naver.com/patato_/224301822444 | https://blog.naver.com/ally010308/224301797085 | https://blog.naver.com/jsh54007/224299763016
22,뚝섬,343,무료 전시|서울 데이트|서울 데이트 코스|서울 맛집|서울 전시|서울 카페|서울 팝업스토어|성수 데이트|성수 맛집|성수 카페|성수 팝업|연남동 데이트|연남동 맛집|연남동 카페|을지로 맛집|을지로 카페|잠실 맛집|잠실 카페|한남동 맛집,서울 숲 카페 피리어드 Period 조용하고 시원한 통창뷰 맛집... | 서울 성수동맛집 터틀힙 성수 생일 케이크로 추천하는 성수 핫플 | 서울 성수동맛집 타코튜즈데이 성수 본점 감성 가득한 타코 맛집,https://blog.naver.com/haminhoo/224301799322 | https://blog.naver.com/wowhow112/224298515739 | https://blog.naver.com/wowhow112/224298515784
23,연남동카페,268,서울 데이트 코스|서울 카페|연남동 데이트|연남동 맛집|연남동 카페|을지로 카페,[홍대 맛집/만동제과] 연남동 빵집에서 만난 인생 홍대 빵맛집... | 2026년 5월 | 홍대입구역 맛집 카페 버터앤쉘터 연남 디저트 버터샌드추천,https://blog.naver.com/rachel_0112/224301828331 | https://blog.naver.com/ending026/224301810245 | https://blog.naver.com/inhyessl/224301791271
24,합정,239,더현대 팝업|무료 전시|서울 데이트|서울 데이트 코스|서울 맛집|서울 전시|서울 카페|서울 팝업스토어|성수 데이트|성수 맛집|성수 카페|연남동 데이트|연남동 맛집|연남동 카페|을지로 맛집|을지로 카페|잠실 맛집|잠실 카페|한남동 데이트|한남동 맛집|한남동 카페,근래 먹은 케이크 중에 1등 합정 카페 추천 연예인단골 합정역... | [캐시타고 대리운전] 홍대·상수 술자리 후 대리운전 안전하게... | [마포] 난 비가 오면 빵사냥을 나가 | 연남 버터베이커리...,https://blog.naver.com/mukzzangsong/224301812919 | https://blog.naver.com/sea984/224299941133 | https://blog.naver.com/yingshu_pick/224301777844
25,광화문,214,무료 전시|서울 데이트|서울 데이트 코스|서울 맛집|서울 전시|서울 카페|서울 팝업스토어|성수 데이트|성수 맛집|성수 카페|성수 팝업|연남동 맛집|연남동 카페|을지로 맛집|을지로 카페|잠실 맛집|잠실 카페|한남동 데이트|한남동 맛집|한남동 카페,"[광화문] 광화문 카페 커피 맛집 센터커피, 코코망고 후기 | 기다려 왔던 작은 빛이 내 안을 비추면 | 덕수궁 돌담길 산책 후 광화문 맛집 햄버거 찾는다면?...",https://blog.naver.com/behappy826/224301820961 | https://blog.naver.com/ennuit-/224301820514 | https://blog.naver.com/jinlogue/224301814082
26,신사,198,더현대 팝업|무료 전시|서울 데이트|서울 데이트 코스|서울 맛집|서울 전시|서울 카페|서울 팝업스토어|성수 데이트|성수 맛집|성수 카페|성수 팝업|연남동 데이트|연남동 맛집|연남동 카페|을지로 맛집|을지로 카페|잠실 맛집|잠실 카페|한남동 데이트|한남동 맛집|한남동 카페,"로준일기| Leet D-49 (해커스전국모의고사 4회차) | 스승의날·명절 선물 고민 끝, 가로수길 디저트 에뚜왈 마들렌... | 압구정로데오역 카페 , 안목 갤러리 Anmok Gallery",https://blog.naver.com/law_27/224301828378 | https://blog.naver.com/tourmom121/224301744926 | https://blog.naver.com/tjgl0626/224301712423
27,압구정,190,더현대 팝업|무료 전시|서울 데이트|서울 데이트 코스|서울 맛집|서울 전시|서울 카페|서울 팝업스토어|성수 데이트|성수 맛집|성수 카페|성수 팝업|연남동 데이트|연남동 맛집|연남동 카페|을지로 맛집|을지로 카페|잠실 맛집|잠실 카페|한남동 데이트|한남동 맛집|한남동 카페,한세희의 SSAT 프렙마스터 체계적 SSAT 보딩 지원 집중 | 압구정 스탠다드시스템 | 메탈 냄새 세게나는 우드톤 느좋 카페 ... | 29살 5월의 나,https://blog.naver.com/zzz_o_oz/224294400197 | https://blog.naver.com/oomnyaam/224300016620 | https://blog.naver.com/minemeee/224301807262
28,동대문,186,무료 전시|서울 데이트|서울 데이트 코스|서울 맛집|서울 전시|서울 카페|서울 팝업스토어|성수 데이트|성수 맛집|성수 카페|성수 팝업|연남동 맛집|연남동 카페|을지로 맛집|을지로 카페|잠실 맛집|잠실 카페|한남동 데이트|한남동 맛집|한남동 카페,"서울 동대문구 서울 성심병원장례식장 장례화환 근조한자... | 동대문 예식장, 놓치지 말아야 할 것 | 경기도 포천 메디힐장례식장 근조화환 납골당꽃 24시간꽃배달",https://jinc24.tistory.com/544 | https://blog.naver.com/zpwcejhgo976462_qw/224301738762 | https://snhsoul.tistory.com/253
29,건대,170,서울 데이트|서울 데이트 코스|서울 맛집|서울 전시|서울 카페|서울 팝업스토어|성수 데이트|성수 맛집|성수 카페|성수 팝업|연남동 맛집|을지로 맛집|을지로 카페|잠실 맛집|잠실 카페|한남동 맛집|한남동 카페,[꼬마마법사 레미 팝업 & 콜라보 카페 ] 평일 예약 방문 / 굿즈... | 변호사상담 KS&P 법률사무소 안심할 수 있는 지원 | 서울 휘낭시에 맛집 건대 디저트 카페 에이콥베이커리 성수...,https://blog.naver.com/parublog/224301797748 | https://blog.naver.com/hscci93/224294565355 | https://blog.naver.com/kdac4131/224301745574
30,망원,168,더현대 팝업|무료 전시|서울 데이트|서울 데이트 코스|서울 맛집|서울 전시|서울 카페|서울 팝업스토어|성수 데이트|성수 맛집|성수 카페|연남동 데이트|연남동 맛집|연남동 카페|을지로 맛집|을지로 카페|잠실 맛집|잠실 카페|한남동 데이트|한남동 맛집|한남동 카페,5월도 씩씩하게 | 정신승리도 승리다 | 5월,https://blog.naver.com/estherkim795/224301820978 | https://blog.naver.com/gangtthi/224301819415 | https://blog.naver.com/diddmsrud073/224301776991
31,인천,161,무료 전시|서울 데이트|서울 데이트 코스|서울 맛집|서울 전시|서울 카페|서울 팝업스토어|성수 데이트|성수 맛집|성수 카페|성수 팝업|연남동 맛집|을지로 맛집|을지로 카페|잠실 맛집|잠실 카페|한남동 데이트|한남동 맛집|한남동 카페,"5️⃣월 | LG 인버터 스탠드 냉난방기, 쾌적한 실내 환경을 만들어줘요 | 을왕리 카페 오라(cafe ORA) 언덕위의 뷰맛집 브런치...",https://blog.naver.com/lucrecexnemrod/224301823054 | https://blog.naver.com/ggedwthe/224301821020 | https://blog.naver.com/ajh325/224301815765
32,성수카페,153,서울 데이트|서울 데이트 코스|서울 맛집|서울 카페|서울 팝업스토어|성수 데이트|성수 맛집|성수 카페|성수 팝업|한남동 데이트|한남동 맛집|한남동 카페,"성수빵지순례 [성수베이킹스튜디오] 바게트치아바타맛집 | 성수 데이트 코스 추천, 연못 뷰가 예쁜 ㅣ""ETF베이커리 성수"" | [성수 카페 ] 성수동의 복잡한 거리에서 살짝 벗어나...",https://blog.naver.com/alruddlaa/224301818635 | https://blog.naver.com/kye3103/224301795991 | https://blog.naver.com/age2010/224301755252
33,성수팝업,149,서울 데이트|서울 팝업스토어|성수 데이트|성수 맛집|성수 카페|성수 팝업,[pop-up] 일리고 (illigo) 성수 팝업 hs preview 핫썸머 신상... | 바삭한 보카도가 매력적인 성수카페 – 보카도버터 성수 본점 | 성수 팝업｜영등포 베이글 맛집 테디스베이글 곰돌이 키링...,https://blog.naver.com/coolcoc93/224301794265 | https://blog.naver.com/80eun_98/224301647475 | https://blog.naver.com/ezzung_/224301161734
34,홍대카페,146,서울 데이트|서울 데이트 코스|서울 전시|서울 카페|성수 맛집|성수 카페|연남동 데이트|연남동 맛집|연남동 카페,[홍대 맛집] 뉴욕 감성 가득한 ‘베이글랜드 홍대점’ 솔직 후기... | 광고❌ 아임도넛 에스파 콜라보 한정판 도넛 4종 총정리 | 성수 ... | 2026년 5월,https://blog.naver.com/ssh90807/224301815579 | https://blog.naver.com/jurineeee/224300844864 | https://blog.naver.com/ending026/224301810245
35,시청,143,무료 전시|서울 데이트|서울 데이트 코스|서울 맛집|서울 전시|서울 카페|서울 팝업스토어|성수 데이트|성수 맛집|성수 카페|연남동 데이트|연남동 맛집|을지로 맛집|을지로 카페|잠실 맛집|잠실 카페|한남동 데이트|한남동 맛집|한남동 카페,덕수궁 돌담길 산책 후 광화문 맛집 햄버거 찾는다면?... | 시청역 일식 전문점 참치공방 시청점에서 사내 독서모임 1주년... | 남산골 한옥마을-예장동 일대-명동역,https://blog.naver.com/jinlogue/224301814082 | https://blog.naver.com/monitor13777/224301802844 | https://blog.naver.com/sekim-1107/224301795126
36,서초,136,무료 전시|서울 데이트|서울 데이트 코스|서울 맛집|서울 전시|서울 카페|서울 팝업스토어|성수 데이트|성수 카페|연남동 데이트|연남동 맛집|연남동 카페|을지로 맛집|을지로 카페|잠실 맛집|잠실 카페|한남동 데이트|한남동 맛집|한남동 카페,"서초 PH1603 공급 정보 | [내드리오]서초 카페 인테리어 | 15평 베이커리 카페 , 비용... | 서초구 누수탐지 도배지 곰팡이 얼룩 정밀 점검",https://blog.naver.com/w-1809/224301822924 | https://blog.naver.com/imakehouse2021/224301814795 | https://blog.naver.com/mggftpt2081/224301049820
37,한남동카페,130,서울 데이트|서울 카페|성수 데이트|성수 맛집|한남동 데이트|한남동 맛집|한남동 카페,코끼리베이글 성수 한남 빵지순례 웨이팅 | 한남동 조용한 베이글 맛집 카페 페이퍼블랑 | 패션 5 신상... | 한남동 대형 카페 애견동반 낫배드커피 야경 맛집 카페,https://blog.naver.com/luvluvwine/224301658848 | https://blog.naver.com/hootooteee/224301776881 | https://blog.naver.com/ddominido/224301692868
38,고양,122,더현대 팝업|무료 전시|서울 데이트|서울 데이트 코스|서울 전시|서울 카페|서울 팝업스토어|성수 데이트|성수 맛집|성수 카페|성수 팝업|연남동 데이트|연남동 맛집|연남동 카페|을지로 맛집|을지로 카페|잠실 맛집|잠실 카페|한남동 맛집|한남동 카페,[고양 카페 투어] 물구리빵집 샤스타데이지 실시간... | 18.4 | [하남 고양이 카페 ] 냥냥하우스 | 귀여운 고양이들과 시간보낼...,https://blog.naver.com/pusasa/224301827601 | https://blog.naver.com/wldbsrina/224301819559 | https://blog.naver.com/yeonii902/224301812132
39,서촌,114,서울 데이트|서울 데이트 코스|서울 맛집|서울 전시|서울 카페|성수 데이트|성수 맛집|성수 카페|성수 팝업|연남동 데이트|연남동 맛집|연남동 카페|을지로 맛집|을지로 카페|잠실 맛집|잠실 카페|한남동 데이트|한남동 맛집|한남동 카페,"서촌 나들이 서촌 맛집 이스토, 카페 어퍼스트로피, 경복궁 산책... | [ 서울 서촌] 러프러프 아뜰리에 안국: 치즈케이크가 맛있는 카페 | 통창 넘어로 보이는 공예박물관 | 안국뷰맛집 최애 카페 리와인드",https://blog.naver.com/with_theriver/224301769573 | https://blog.naver.com/mipy1003/224301755655 | https://blog.naver.com/all_about_zoe/224301746283
40,남산,113,서울 데이트|서울 데이트 코스|서울 맛집|서울 전시|서울 카페|서울 팝업스토어|성수 데이트|성수 카페|연남동 데이트|연남동 맛집|연남동 카페|을지로 맛집|을지로 카페|잠실 카페|한남동 데이트|한남동 맛집|한남동 카페,오스트리아 카페 자허 아인슈페너 자허토르테 | 남산골 한옥마을-예장동 일대-명동역 | 한남동 이태리하우스 매매ㅣ복층 펜트하우스 테라스 세대 서울 ...,https://blog.naver.com/whdghk523/224301633129 | https://blog.naver.com/sekim-1107/224301795126 | https://blog.naver.com/ys1top/224301777346
41,더현대서울,112,더현대 팝업|무료 전시|서울 데이트|서울 데이트 코스|서울 맛집|서울 전시|서울 팝업스토어|성수 데이트|성수 맛집|성수 카페|성수 팝업|연남동 맛집|연남동 카페|잠실 카페|한남동 카페,May | 남편과 성수 데이트 + 더현대서울 처음 가본 남편 (퇴사 후 휴식 6) | 5월 30일 서울 팝업스토어 추천 성수 더현대 홍대,https://blog.naver.com/blueberryb_/224301640195 | https://blog.naver.com/upallnightup/224300801382 | https://blog.naver.com/edeaplatz/224300704369
42,분당,110,더현대 팝업|무료 전시|서울 데이트|서울 데이트 코스|서울 맛집|서울 전시|서울 카페|서울 팝업스토어|성수 맛집|성수 카페|성수 팝업|연남동 데이트|연남동 맛집|연남동 카페|을지로 맛집|을지로 카페|잠실 맛집|잠실 카페|한남동 데이트|한남동 맛집|한남동 카페,"전남 무안 남악장례식장 근조화환 장례화환배달 화환보내기 | 자양4동A구역 신통 및 성수동 임장,현장에서만 느낄 수 있는점... | 천안 당일치기 여행 후기",https://jinc24.tistory.com/534 | https://blog.naver.com/sunshine_025/224301824171 | https://blog.naver.com/gg_diary_01/224301821554
43,삼성,110,더현대 팝업|무료 전시|서울 데이트|서울 데이트 코스|서울 맛집|서울 전시|서울 카페|서울 팝업스토어|성수 데이트|성수 맛집|성수 카페|성수 팝업|을지로 카페|잠실 맛집|잠실 카페|한남동 맛집|한남동 카페,강남구 법률사무소 전문성 법무법인 AK 서울 사무소 24시간... | 삼성 미팅룸 대여 | 스파크플러스 삼성2호점 후기 | 강남미용실 추천 | 대치동미용실 무이 대치본점...,https://blog.naver.com/leeohjae1125/224297475812 | https://blog.naver.com/cottondots/224301806421 | https://blog.naver.com/mary3710/224301798703
44,마곡,109,무료 전시|서울 데이트|서울 데이트 코스|서울 맛집|서울 전시|서울 카페|서울 팝업스토어|성수 맛집|연남동 맛집|연남동 카페|을지로 맛집|을지로 카페|잠실 맛집|잠실 카페|한남동 카페,"[마곡] 새로 생긴 마곡 카페 | 펠어커피초코 마곡점 | 파베쿠키... | 수국 전시회를 보러 마곡 서울 식물원을 가다 | 마곡 서울 식물원 나들이 코스, 온실만 보고 오면 아쉬운 이유",https://blog.naver.com/ghshin95/224301828538 | https://blog.naver.com/daksj1/224301822860 | https://blog.naver.com/meaningful-info/224301809315
45,수원,108,더현대 팝업|무료 전시|서울 데이트|서울 데이트 코스|서울 맛집|서울 전시|서울 카페|서울 팝업스토어|성수 데이트|성수 맛집|성수 카페|성수 팝업|연남동 데이트|연남동 맛집|연남동 카페|을지로 맛집|을지로 카페|잠실 맛집|잠실 카페|한남동 데이트|한남동 맛집|한남동 카페,"2026년 5월(환갑여행, 결혼식, | [수원] 1박2일 여행:: 수원 스타필드 핫쵸 | 행궁동... | 용인 고기리 계곡 카페 코울러 Couler 애견동반 야외좌석...",https://blog.naver.com/bnj0204/224301824992 | https://blog.naver.com/myominey/224301824552 | https://blog.naver.com/geemcood/224301823644
46,판교,104,더현대 팝업|무료 전시|서울 데이트|서울 데이트 코스|서울 맛집|서울 전시|서울 카페|서울 팝업스토어|성수 데이트|성수 맛집|성수 카페|성수 팝업|연남동 데이트|연남동 맛집|연남동 카페|을지로 맛집|을지로 카페|잠실 맛집|잠실 카페|한남동 데이트|한남동 맛집|한남동 카페,"[#성남 카페 #판교 카페 #판교대형 카페 #판교케익 #판교디저트... | 이수역 노트북하기 좋은 카페 더커피타워 방배점 | 좌식 테이블 다리 교체, 낮아서 불편했던 좌식 테이블 의자...",https://blog.naver.com/yhg9218/224301702146 | https://blog.naver.com/gyuri0423/224301555094 | https://blog.naver.com/dan200303/224301247453
47,신촌,102,더현대 팝업|서울 데이트|서울 데이트 코스|서울 맛집|서울 전시|서울 팝업스토어|성수 데이트|성수 맛집|성수 카페|성수 팝업|연남동 데이트|연남동 맛집|연남동 카페|을지로 맛집|을지로 카페|잠실 맛집|잠실 카페|한남동 맛집|한남동 카페,셀프로 인생 난이도 높이는 법(2) : 용산 주민 될뻔 | almost | 26年 5月,https://blog.naver.com/albertliebedich0314/224301762925 | https://blog.naver.com/hyck1022/224301651996 | https://blog.naver.com/eun0525_/224301558122
48,성수팝업스토어,100,더현대 팝업|서울 팝업스토어|성수 데이트|성수 맛집|성수 카페|성수 팝업,[pop-up] 일리고 (illigo) 성수 팝업 hs preview 핫썸머 신상... | [트렌드 LAB] 성수 세븐틴 미니틴 팝업 1층 카페 방문후기 | [맛집] 성수 현방오백소갈비살 (바로 입장),https://blog.naver.com/coolcoc93/224301794265 | https://blog.naver.com/teundspacegure/224300601900 | https://blog.naver.com/jimingticon/224300554147
49,안국,98,더현대 팝업|무료 전시|서울 데이트|서울 데이트 코스|서울 맛집|서울 전시|서울 카페|서울 팝업스토어|성수 데이트|성수 맛집|성수 카페|성수 팝업|연남동 데이트|연남동 맛집|연남동 카페|을지로 맛집|을지로 카페|잠실 카페|한남동 데이트|한남동 카페,카페 도토리가든 | 외국인들이 먼저 알아버린 계동 숨은 카페 | [ 서울 서촌] 러프러프 아뜰리에 안국: 치즈케이크가 맛있는 카페 | 통창 넘어로 보이는 공예박물관 | 안국뷰맛집 최애 카페 리와인드,https://blog.naver.com/pigtiger22/224301781346 | https://blog.naver.com/mipy1003/224301755655 | https://blog.naver.com/all_about_zoe/224301746283
50,코엑스,97,더현대 팝업|무료 전시|서울 데이트|서울 데이트 코스|서울 맛집|서울 전시|서울 카페|서울 팝업스토어|성수 데이트|성수 맛집|성수 카페|성수 팝업|을지로 맛집|을지로 카페|잠실 맛집|잠실 카페|한남동 데이트|한남동 맛집|한남동 카페,[ 서울 ] 매콤한게 땡길때 코엑스 맛집 : 돌산등대집 | 서울 강서구 마곡 고기 맛집 ; 송도갈매기 마곡점 | 코엑스 맛집 투어 신상 화덕피자 더 키친 일뽀르노 역대급...,https://blog.naver.com/hyoojjj/224301812442 | https://blog.naver.com/leestar0808/224301776831 | https://blog.naver.com/lavenderj-/224301772025
51,남양주,94,더현대 팝업|무료 전시|서울 데이트|서울 데이트 코스|서울 전시|서울 카페|서울 팝업스토어|성수 데이트|성수 맛집|성수 카페|성수 팝업|연남동 카페|을지로 맛집|을지로 카페|잠실 맛집|잠실 카페|한남동 데이트|한남동 맛집|한남동 카페,"남양주 대형 카페 카페 인퀸스 맛있는 브런치 북한강뷰 | 남양주 대형 카페 테이블스라운지 서울 근교 드라이브 추천 | 북한강 뷰 서울 근교 남양주 카페 ‘엠아르’ 수제버거, 봉골레...",https://blog.naver.com/haha52494/224301826735 | https://blog.naver.com/zoflrwldnjs/224301818426 | https://blog.naver.com/hodurizzang/224301810258
52,상수,92,무료 전시|서울 데이트|서울 데이트 코스|서울 맛집|서울 전시|서울 카페|서울 팝업스토어|성수 데이트|성수 맛집|성수 카페|성수 팝업|연남동 데이트|연남동 맛집|연남동 카페|을지로 카페|한남동 카페,[26. 05. 25 - 05. 31] 밥 먹는 것을 주저하지 마세요ʕ... | [캐시타고 대리운전] 홍대·상수 술자리 후 대리운전 안전하게... | 합정역 실내놀거리 추천! 레몬점핑랄라에서 친구·가족과...,https://blog.naver.com/whyamihamshik/224301828708 | https://blog.naver.com/sea984/224299941133 | https://blog.naver.com/swiftcomposure/224301702542
53,북촌,87,무료 전시|서울 데이트|서울 데이트 코스|서울 맛집|서울 전시|서울 카페|서울 팝업스토어|성수 데이트|성수 카페|성수 팝업|연남동 데이트|연남동 맛집|연남동 카페|을지로 맛집|을지로 카페|잠실 카페|한남동 데이트|한남동 맛집|한남동 카페,"2026년 5월의 양식 | 삼청동 카페 거리: 감성, 낭만, 예술이 어우러진 서울 의 숨은 보석 | 서울 종로구 북촌로 콩지pot지 ( 콩지팟지 ) 에서 진행한 돌잔치...",https://blog.naver.com/tothehappyfew/224301788492 | https://blog.naver.com/lacbleusu/224301778308 | https://blog.naver.com/swr21/224300110556
54,성수동카페,86,서울 데이트|서울 데이트 코스|서울 맛집|서울 카페|서울 팝업스토어|성수 데이트|성수 맛집|성수 카페|성수 팝업|한남동 맛집|한남동 카페,"[성수 카페 ] 성수동의 복잡한 거리에서 살짝 벗어나... | 서울 숲 카페 , 도쿄·홍콩까지 간 수플레 성수에서 직접... | 성수 핫플 소금빵 맛집 베통 성수 평일 오전 웨이팅 솔직후기",https://blog.naver.com/age2010/224301755252 | https://blog.naver.com/qufqlc525/224301704630 | https://blog.naver.com/mfp112/224301758624
55,역삼,85,무료 전시|서울 데이트|서울 데이트 코스|서울 맛집|서울 전시|서울 카페|성수 데이트|성수 맛집|성수 카페|성수 팝업|을지로 맛집|을지로 카페|잠실 맛집|잠실 카페|한남동 맛집|한남동 카페,디저트 카페 추천 셀렉티드 닉스 티라미수 루프탑 감성 카페 ... | 강남파이낸스센터 임대 역삼역 사무실 테헤란로 GFC빌딩 | 강남파이낸스센터 임대 역삼역 테헤란로 사무실,https://blog.naver.com/ghdidudgms/224301820912 | https://blog.naver.com/asan36524/224301810450 | https://blog.naver.com/frontrange-/224301801475
56,을지로카페,82,서울 데이트|서울 데이트 코스|서울 맛집|을지로 맛집|을지로 카페,"을지로 3가역 카페 맛집 코스 추천 | 인현골방·셀러워크꽃밭... | [종로구/ 을지로 3가] 분위기 좋은 감성 카페 ""죠지"" | [ 을지로 맛집] 레트로 감성 제대로 느낄 수 있는 '커피 한약방'",https://blog.naver.com/sosolife323/224301806296 | https://blog.naver.com/max9871/224301718449 | https://blog.naver.com/supremelife2011/224301656499
57,서울팝업스토어,81,더현대 팝업|서울 데이트|서울 데이트 코스|서울 맛집|서울 팝업스토어|성수 데이트|성수 카페|성수 팝업|잠실 맛집|잠실 카페,성수 팝업｜영등포 베이글 맛집 테디스베이글 곰돌이 키링... | 잠실 메이플스토리 팝업 후기｜롯데월드몰부터 석촌호수까지... | 여의도 더현대 서울 미소를 부르는 맛있는 한입! 5/29~6/4 팝업...,https://blog.naver.com/ezzung_/224301161734 | https://blog.naver.com/pororo96_/224301114873 | https://blog.naver.com/evtmedia/224300456431
58,청담,81,무료 전시|서울 데이트|서울 데이트 코스|서울 맛집|서울 전시|서울 카페|서울 팝업스토어|성수 카페|성수 팝업|연남동 맛집|연남동 카페|을지로 맛집|을지로 카페|잠실 맛집|잠실 카페|한남동 데이트|한남동 맛집|한남동 카페,"압구정 스탠다드시스템 | 메탈 냄새 세게나는 우드톤 느좋 카페 ... | 해운대 신축 대장주 될까? 르엘 리버파크 센텀 분양 정보 | 청담동 전통 디저트 카페 강정이넘치는집, 상견례나 명절에...",https://blog.naver.com/oomnyaam/224300016620 | https://blog.naver.com/kingwook02/224301771523 | https://blog.naver.com/soojae213/224301744888
59,혜화,81,무료 전시|서울 데이트|서울 데이트 코스|서울 맛집|서울 전시|서울 카페|서울 팝업스토어|성수 데이트|성수 맛집|성수 카페|성수 팝업|연남동 데이트|연남동 맛집|연남동 카페|을지로 맛집|을지로 카페|잠실 카페|한남동 데이트|한남동 맛집|한남동 카페,5월 | 지난일을 현재진행형인 것처럼 떨쳐내지 못하다 | 2026 05,https://blog.naver.com/hamchocho_1230/224301822577 | https://blog.naver.com/rlarlaskskdusdus/224301797442 | https://blog.naver.com/sy8ne/224301794294
60,망원동,79,서울 데이트|서울 데이트 코스|서울 맛집|서울 전시|서울 카페|서울 팝업스토어|연남동 데이트|연남동 맛집|연남동 카페|잠실 카페|한남동 데이트|한남동 카페,5월도 씩씩하게 | 봄 일기 | 5月,https://blog.naver.com/estherkim795/224301820978 | https://blog.naver.com/uyxnoey/224301757734 | https://blog.naver.com/alfpdl_/224301820759
61,성북,79,무료 전시|서울 데이트|서울 데이트 코스|서울 맛집|서울 전시|서울 카페|서울 팝업스토어|성수 데이트|성수 카페|성수 팝업|연남동 데이트|연남동 맛집|연남동 카페|을지로 맛집|을지로 카페|잠실 카페|한남동 맛집|한남동 카페,이것은 내가 최고의 히어로가 되기까지의 이야기다 | 성북천 카페 필터커피 맛집 무등도원 모닝세트 카다멈번 후기 | 길음역 롯데캐슬 트윈골드 완벽분석,https://blog.naver.com/tg040121/224301815161 | https://blog.naver.com/woooone10/224301798041 | https://blog.naver.com/maumattitude/224301780825
62,익선동,78,서울 데이트|서울 데이트 코스|서울 맛집|서울 전시|서울 카페|서울 팝업스토어|성수 데이트|성수 맛집|성수 카페|성수 팝업|연남동 데이트|연남동 맛집|연남동 카페|을지로 맛집|을지로 카페|잠실 맛집|한남동 데이트,[ 서울 /종로] 식물 | 카페 추천 | 익선동 데이트코스 | 한옥 카페 ... | 29살 5월의 나 | 가고 싶을 땐 서울 도심 속 일본 도미인 익스프레스 서울 인사동,https://blog.naver.com/tnwjd2854/224301825776 | https://blog.naver.com/minemeee/224301807262 | https://blog.naver.com/yuki41/224301798030
63,파주,78,더현대 팝업|무료 전시|서울 데이트|서울 데이트 코스|서울 맛집|서울 전시|서울 카페|서울 팝업스토어|성수 데이트|성수 맛집|성수 카페|성수 팝업|연남동 맛집|을지로 맛집|을지로 카페|잠실 맛집|잠실 카페|한남동 데이트|한남동 맛집|한남동 카페,[고양 카페 투어] 물구리빵집 샤스타데이지 실시간... | 30대 맞벌이 부부가 파주 민간임대를 선택한 이유 | 파주 스타필드 카페 자전거 빌릴 수 있는 팝사이클,https://blog.naver.com/pusasa/224301827601 | https://blog.naver.com/wjddnal/224301803900 | https://blog.naver.com/hyosunv/224301794172
64,감성카페,76,서울 데이트|서울 데이트 코스|서울 맛집|서울 전시|서울 카페|성수 데이트|성수 맛집|성수 카페|연남동 데이트|연남동 맛집|연남동 카페|을지로 맛집|을지로 카페|잠실 맛집|잠실 카페|한남동 데이트|한남동 맛집|한남동 카페,브런치 카페 감성 가득! 에그 베네딕트와 상큼한 레몬에이드의... | 상봉역 앞 숨은 보석 | 상봉 빵집 시즌모먼트 케이크&베이커리... | [양주 가비 카페 ]핑크 외관 보고 들어갔다가 정원 감성에 반한 곳,https://blog.naver.com/pj32742/224301810376 | https://blog.naver.com/ggullet/224301797848 | https://blog.naver.com/pk50935/224301735148
65,강동,76,무료 전시|서울 데이트|서울 데이트 코스|서울 맛집|서울 전시|서울 카페|서울 팝업스토어|성수 데이트|성수 맛집|연남동 데이트|연남동 맛집|연남동 카페|을지로 맛집|을지로 카페|잠실 맛집|잠실 카페|한남동 맛집|한남동 카페,"올댓스터디학원 2026 썸머스쿨 6월 학부모 설명회, 강동구... | 강동 1황 코스 — 한 건물에 다 있는 주말 [이케아·반트... | 강동구 누수 문제 해결을 위한 필수 정보와 팁",https://blog.naver.com/tabebeto/224301804524 | https://blog.naver.com/yongyumee/224301786523 | https://blog.naver.com/pzvdelzy567/224300998734
66,일산,76,무료 전시|서울 데이트|서울 데이트 코스|서울 맛집|서울 전시|서울 카페|서울 팝업스토어|성수 카페|성수 팝업|연남동 데이트|연남동 맛집|연남동 카페|을지로 맛집|을지로 카페|잠실 맛집|잠실 카페|한남동 맛집|한남동 카페,정신승리도 승리다 | Mayday | 2025년 직장인을 위한 경기가볼만한곳 7곳,https://blog.naver.com/gangtthi/224301819415 | https://blog.naver.com/9169hj/224301810852 | https://dwqn.tistory.com/243
67,천호,72,무료 전시|서울 데이트|서울 데이트 코스|서울 맛집|서울 전시|서울 카페|서울 팝업스토어|성수 데이트|성수 맛집|성수 카페|연남동 데이트|연남동 맛집|연남동 카페|잠실 맛집|잠실 카페|한남동 데이트|한남동 카페,[국내가볼만한곳] #노원 # 서울 #가볼만한곳3 #추천음식3... | [천호] 암사 카페 피크플래버 솔직 후기! | 애견동반 가능한 힙한 천호동 카페 :: 피크플래버,https://blog.naver.com/aroundthetravel/224298943804 | https://blog.naver.com/plenilune_3/224301694269 | https://blog.naver.com/tlswl0_/224301263874
68,서울카페,70,서울 데이트|서울 데이트 코스|서울 맛집|서울 카페|성수 데이트|성수 맛집|성수 카페|연남동 데이트|연남동 맛집|연남동 카페|을지로 맛집|을지로 카페|잠실 맛집|한남동 데이트|한남동 맛집|한남동 카페,"압구정 스탠다드시스템 | 메탈 냄새 세게나는 우드톤 느좋 카페 ... | 브런치 카페 감성 가득! 에그 베네딕트와 상큼한 레몬에이드의... | 성수 데이트 코스 추천, 연못 뷰가 예쁜 ㅣ""ETF베이커리 성수""",https://blog.naver.com/oomnyaam/224300016620 | https://blog.naver.com/pj32742/224301810376 | https://blog.naver.com/kye3103/224301795991
69,양재,69,무료 전시|서울 데이트|서울 데이트 코스|서울 맛집|서울 전시|서울 카페|성수 데이트|성수 맛집|을지로 맛집|을지로 카페|잠실 맛집|잠실 카페|한남동 데이트|한남동 맛집|한남동 카페,개포 세차장 스탠다드 관리세차 | 강남 카체인지 강남개포점 후기 | 서울 양재 aT센터 2026 K푸드쇼 일정 대중교통 볼거리 안내 | [양재천 카페 ] 푸릇푸릇한 뷰 카페 prt prt,https://blog.naver.com/pyozip/224301811578 | https://blog.naver.com/skdmlqkd_88/224301688984 | https://blog.naver.com/judyseomun77/224301753920
70,대학로,66,무료 전시|서울 데이트|서울 데이트 코스|서울 맛집|서울 전시|서울 카페|서울 팝업스토어|성수 데이트|성수 카페|을지로 카페|잠실 카페|한남동 카페,"대학로 연극 미세스마캠, 더굿씨어터 | 대학로 놀거리 착한붕어 낚시 카페 | 낚시 싫어하는 나도 즐기고... | 0531일. 결심",https://blog.naver.com/b1nb1n_/224301813232 | https://blog.naver.com/prettylee620/224301718114 | https://blog.naver.com/whdndwo813/224301701427
71,부천,66,무료 전시|서울 데이트|서울 데이트 코스|서울 맛집|서울 전시|서울 카페|성수 맛집|성수 카페|성수 팝업|연남동 데이트|연남동 맛집|연남동 카페|을지로 맛집|을지로 카페|잠실 맛집|잠실 카페|한남동 맛집|한남동 카페,부천 키즈 카페 플레이월드 완벽 후기 가성비 최고의 키카 | 청주 청원 개업식 화분 근조화환 당일 장례식화환 배송 | 눈 딱 감고 할일하기,https://blog.naver.com/sirunai/224301805584 | https://bulgogibros.tistory.com/177 | https://blog.naver.com/shree_y/224301734282
72,문래,65,무료 전시|서울 데이트|서울 데이트 코스|서울 맛집|서울 전시|서울 카페|서울 팝업스토어|성수 데이트|성수 맛집|성수 카페|연남동 맛집|을지로 맛집|을지로 카페|잠실 카페,"동네주민들이 인정하는 낙성대역, 문래역, 부암동 로컬 맛집 카페 ! | 26.5.30. 문래 푸릇 식물마켓 후기 | (문래동 카페 )슬롯 서울 프렌치토스트 맛집",https://blog.naver.com/kyoonsun7/224301804955 | https://blog.naver.com/grasscoffee/224301799559 | https://blog.naver.com/happycloud-/224301797172
73,건대입구,62,서울 데이트|서울 데이트 코스|서울 맛집|서울 전시|서울 카페|서울 팝업스토어|성수 데이트|성수 맛집|성수 카페|성수 팝업|을지로 맛집|을지로 카페|잠실 맛집|잠실 카페|한남동 맛집,[꼬마마법사 레미 팝업 & 콜라보 카페 ] 평일 예약 방문 / 굿즈... | 변호사상담 KS&P 법률사무소 안심할 수 있는 지원 | 5월 30일 성수 포켓몬 팝업스토어 후기 (30주년 파티 올리브영...,https://blog.naver.com/parublog/224301797748 | https://blog.naver.com/hscci93/224294565355 | https://blog.naver.com/elly044/224301821306
74,공덕,60,서울 데이트|서울 데이트 코스|서울 맛집|서울 전시|서울 카페|서울 팝업스토어|성수 데이트|성수 카페|성수 팝업|연남동 데이트|연남동 맛집|연남동 카페|을지로 맛집|을지로 카페|잠실 맛집|잠실 카페|한남동 맛집|한남동 카페,"설빙 <초코말차설빙>, 말차 매니아라면 무조건 먹어봐야 할... | [공덕 카페 ] 작작 커피스탠드 :: 경의선 숲길 실패없는 데이트... | 공덕역 건강검진 서울 메디케어 직접 다녀온 리얼 후기...",https://blog.naver.com/mjw9694/224301776269 | https://blog.naver.com/thinking_2024/224301748461 | https://blog.naver.com/x1234pjy/224301726772
75,연남동레스토랑,60,서울 데이트|서울 데이트 코스|연남동 데이트|연남동 맛집,"연남동 맛집 클래식당, 유럽 감성 가득한 테라스와 수제 피자... | [음무아] 연남동 - 뇨끼 파스타 데이트 레스토랑 후기 | 홍대 양식구옥 솔직후기｜분위기 좋은 홍대 양식 맛집",https://blog.naver.com/ondamsi/224301829036 | https://blog.naver.com/uneju_/224301125803 | https://blog.naver.com/yumyum311/224301034107
76,왕십리,60,무료 전시|서울 데이트|서울 데이트 코스|서울 맛집|서울 전시|서울 카페|서울 팝업스토어|성수 데이트|성수 맛집|성수 카페|성수 팝업|연남동 카페|을지로 맛집|을지로 카페|잠실 카페|한남동 데이트|한남동 카페,서울 성수동맛집 터틀힙 성수 생일 케이크로 추천하는 성수 핫플 | 성동구 투표소 위치｜2026 지방선거 실시간 서울 성동구... | 힘을내요 がんばれー！,https://blog.naver.com/wowhow112/224298515739 | https://blog.naver.com/signature90/224301776950 | https://blog.naver.com/summ2re/224301773424
77,이대,60,더현대 팝업|무료 전시|서울 데이트|서울 데이트 코스|서울 맛집|서울 전시|서울 카페|서울 팝업스토어|성수 데이트|성수 맛집|성수 카페|성수 팝업|연남동 데이트|연남동 맛집|연남동 카페|을지로 맛집|을지로 카페|잠실 맛집|잠실 카페|한남동 데이트|한남동 맛집|한남동 카페,"서울 광진구 돈가스 정보 카츠 헤세드 어린이대공원점... | 카페 추천, 원더걸스 소희가 일주일에 3번 간다는 서울 카페 ... | 군자역 케이크 맛집 윤숲 재방문! 역시 기억에 남는 생과일케이크",https://blog.naver.com/jth0903-/224299486852 | https://blog.naver.com/upnm11/224301662736 | https://blog.naver.com/luv_howd/224299484691
78,사당,59,무료 전시|서울 데이트|서울 데이트 코스|서울 맛집|서울 전시|서울 카페|성수 데이트|을지로 맛집|을지로 카페|잠실 카페|한남동 데이트|한남동 카페,"사당 이수역 소개팅하기 딱 좋은 분위기 맛집 추천 | 쁠랑떼 | 제본 코팅 복사 스캔 모두 해결 가능한 프린트 카페 숭실대점N | 20260502 관악산 등반 (사당역, 서울 대 코스)",https://blog.naver.com/meomul_dam/224301810805 | https://blog.naver.com/domeisler/224301757810 | https://blog.naver.com/wwheeesk/224301733901
79,연남동브런치,59,연남동 데이트|연남동 맛집|연남동 카페,"[음무아] 연남동 - 뇨끼 파스타 데이트 레스토랑 후기 | 연남동 브런치 카페 애견동반커피 잼잼 | [연남]해옫 연남, 연남동 브런치",https://blog.naver.com/uneju_/224301125803 | https://blog.naver.com/yeeunlovesj/224301062040 | https://blog.naver.com/hyunnuyh-/224300541261
80,구리,55,더현대 팝업|무료 전시|서울 데이트|서울 데이트 코스|서울 맛집|서울 전시|서울 카페|서울 팝업스토어|성수 데이트|성수 카페|성수 팝업|연남동 데이트|연남동 맛집|연남동 카페|을지로 맛집|을지로 카페|잠실 맛집|잠실 카페|한남동 데이트|한남동 맛집|한남동 카페,[고양 카페 투어] 물구리빵집 샤스타데이지 실시간... | (역시나) 아직은 회사 생활이 체질이다 | 구리 갈매 카페 주이 | 통창 숲뷰가 예쁜 서울 근교 대형 카페 추천,https://blog.naver.com/pusasa/224301827601 | https://blog.naver.com/babylin21/224301823143 | https://blog.naver.com/day__bin/224301729258
81,이태원카페,51,한남동 데이트|한남동 맛집|한남동 카페,이태원 루프탑 카페 드 우영미 한남에서 미감 채우기 | 한남동 카페 이태원 야외 대형 베이커리 카페 주차가능... | [이태원] 고트커피｜ 한남동카페 감성 제대로 느낀 이태원...,https://blog.naver.com/darkjouker/224300813675 | https://blog.naver.com/hajawoman/224300193903 | https://blog.naver.com/mjinnnn_/224300031400
82,교대,50,더현대 팝업|무료 전시|서울 데이트|서울 데이트 코스|서울 맛집|서울 전시|서울 카페|성수 맛집|연남동 맛집|연남동 카페|을지로 맛집|을지로 카페|잠실 맛집|잠실 카페|한남동 데이트|한남동 카페,삶은 이토록 다정해야 한다 | [ 카페 일상] 교대역 감성 카페 - 오르빈 교대역점 | 구리 갈매 카페 주이 | 통창 숲뷰가 예쁜 서울 근교 대형 카페 추천,https://blog.naver.com/jinhee050905/224301793162 | https://blog.naver.com/malgeum_log/224301775413 | https://blog.naver.com/day__bin/224301729258
83,디저트카페,50,서울 데이트|서울 데이트 코스|서울 맛집|서울 카페|성수 데이트|성수 맛집|성수 카페|연남동 데이트|연남동 맛집|연남동 카페|을지로 맛집|을지로 카페|잠실 맛집|잠실 카페|한남동 데이트|한남동 맛집|한남동 카페,"[광화문] 광화문 직장인 카페 - 렛잇비 광화문점 | [ 카페 일상] 교대역 감성 카페 - 오르빈 교대역점 | 후기, 잠실케이크 송리단길케이크 맛집, 송리단길 카페 추천",https://blog.naver.com/beyondsunday/224301783637 | https://blog.naver.com/malgeum_log/224301775413 | https://blog.naver.com/chatoyante/224301616783
84,올림픽공원,50,무료 전시|서울 데이트|서울 데이트 코스|서울 맛집|서울 전시|서울 카페|서울 팝업스토어|성수 데이트|성수 맛집|성수 카페|성수 팝업|을지로 카페|잠실 맛집|잠실 카페,세상은 날 위해 멈추지 않아 여전히 26.05 | 정신차려보니 5월에서 깨어남 | 5월 일기짱!!!,https://blog.naver.com/jung_you_n/224301721650 | https://blog.naver.com/tlgus7168/224301638766 | https://blog.naver.com/eungyyyo/224301529776
85,DDP,50,더현대 팝업|무료 전시|서울 데이트|서울 데이트 코스|서울 맛집|서울 전시|서울 팝업스토어|성수 팝업|연남동 카페|을지로 맛집|을지로 카페,서울 지하철로 가기 좋은 실내 데이트 코스 비 오는 날·무더운... | 2026.05 | 호텔 더 디자이너스 동대문 조식 주차 디럭스 더블 후기 예약 팁,https://blog.naver.com/rainbowjini/224300082756 | https://blog.naver.com/jueh5131/224301647836 | https://blog.naver.com/traipsed/224295079143
86,인사동,49,무료 전시|서울 데이트|서울 데이트 코스|서울 맛집|서울 전시|서울 카페|성수 맛집|을지로 맛집|을지로 카페|잠실 맛집|잠실 카페|한남동 맛집|한남동 카페,가고 싶을 땐 서울 도심 속 일본 도미인 익스프레스 서울 인사동 | 서울 아이스크림 맛집 BEST5 | 2026 여름 아이스크림 카페 ... | 서울 종로구 견지동 종로1가대성스카이렉스 근린상가 경매...,https://blog.naver.com/yuki41/224301798030 | https://blog.naver.com/r_h0124/224297234746 | https://blog.naver.com/izoa7861/224299820345
87,잠실카페,49,서울 팝업스토어|성수 맛집|연남동 데이트|연남동 맛집|잠실 맛집|잠실 카페,잠실 롯데월드몰 카페 엔제리너스의 화려한 변신! 베이커리와... | 잠실 송리단길 카페 추천 수제케이크 케키하우스 | 픽베이크 잠실 본점｜파란 보냉백에 담아주는 에그타르트 맛집,https://blog.naver.com/kskbluesky/224301751884 | https://blog.naver.com/pinggu_00/224301719355 | https://blog.naver.com/yjiyoon30/224301688413
88,서울팝업,47,더현대 팝업|서울 데이트|서울 데이트 코스|서울 맛집|서울 전시|서울 팝업스토어|성수 데이트|성수 팝업|한남동 데이트|한남동 카페,EPT 성수 쇼룸 - 이피티 운동화 신어볼 수 있는 매장 ! 성수... | 여의도 맛집 더현대 서울 5월 6월 디저트 팝업 | 시나몬하우스... | 쿠팡 콜라보클럽 팝업스토어 후기 | 알차게 즐긴 방문기,https://blog.naver.com/230708gw/224296111862 | https://blog.naver.com/soruhi_507/224300755003 | https://blog.naver.com/erange11/224301659073
89,성수동팝업,47,더현대 팝업|서울 데이트|서울 데이트 코스|서울 전시|서울 팝업스토어|성수 데이트|성수 맛집|성수 팝업,"베이글 성수 팝업! 알고보니 영등포 베이글 맛집 ?... | 2026 포켓몬 메가페스타 일정부터 한정판 굿즈 종류까지 총정리 | 포켓몬고 하면서 즐긴 서울 숲, 성수동 포켓몬스터 30주년 팝업...",https://blog.naver.com/sjn1203/224301482871 | https://blog.naver.com/reviewer69/224301803363 | https://blog.naver.com/j_o2_f/224301644321
90,하남,47,더현대 팝업|무료 전시|서울 데이트|서울 데이트 코스|서울 맛집|서울 전시|서울 카페|서울 팝업스토어|성수 맛집|성수 카페|성수 팝업|을지로 카페|잠실 맛집|잠실 카페|한남동 데이트,"[하남 고양이 카페 ] 냥냥하우스 | 귀여운 고양이들과 시간보낼... | 나에게 친구란 | 스타필드 하남 카페 추천, 쇼핑 중 들르기 좋은 테라로사...",https://blog.naver.com/yeonii902/224301812132 | https://blog.naver.com/j31527/224301811927 | https://blog.naver.com/happyduffii/224301782108
91,선릉,44,서울 데이트|서울 데이트 코스|서울 맛집|서울 전시|서울 카페|서울 팝업스토어|성수 데이트|성수 맛집|을지로 카페|잠실 맛집|잠실 카페|한남동 맛집,[ 서울 ] 매콤한게 땡길때 코엑스 맛집 : 돌산등대집 | 대치동미용실 이철헤어키커 대치라운지 이강희 부원장님... | 필리핀·베트남 비즈니스 투어를 마치고,https://blog.naver.com/hyoojjj/224301812442 | https://blog.naver.com/jiiback/224301811842 | https://blog.naver.com/seon030507/224301791475
92,더현대팝업,43,더현대 팝업|서울 맛집|서울 팝업스토어,더현대 서울 팝업 5월 5주차 총정리 | 지하1층 테이스티 서울 ... | 더현대 서울 디저트 팝업 5.29 - 6. 4 보따리제과점 돌하르밥... | [ 팝업 ] 퓨어파이브 향수 더현대 팝업 향수 팝업,https://blog.naver.com/c_ong-/224300868537 | https://blog.naver.com/loranzi/224300679149 | https://blog.naver.com/seyoungx_x/224301278904
93,송도,43,무료 전시|서울 데이트|서울 데이트 코스|서울 맛집|서울 전시|서울 카페|서울 팝업스토어|성수 맛집|성수 카페|연남동 데이트|연남동 맛집|을지로 카페|잠실 맛집|잠실 카페|한남동 맛집|한남동 카페,2026-05월 | 서울 강서구 마곡 고기 맛집 ; 송도갈매기 마곡점 | 5월 인천 여행,https://blog.naver.com/jieun011105/224301828140 | https://blog.naver.com/leestar0808/224301776831 | https://blog.naver.com/cejourreve/224301773787
94,안양,43,더현대 팝업|무료 전시|서울 데이트|서울 데이트 코스|서울 전시|서울 카페|서울 팝업스토어|성수 데이트|성수 맛집|성수 팝업|연남동 데이트|연남동 맛집|을지로 맛집|잠실 맛집|잠실 카페|한남동 데이트|한남동 맛집|한남동 카페,"안양 범계·평촌 2026 임장 후기, 왜 다시 뜨거워졌을까? | 안양 디오르나인 마감임박!!전세가로 내집마련할수있는 마지막... | 안양 맛집 9가지 돼지 품종을 골라먹는 돈까스 교카이젠 안양",https://blog.naver.com/hotnews777/224299433553 | https://blog.naver.com/mkd250/224301700778 | https://blog.naver.com/12289/224291788932
95,더현대서울팝업,41,더현대 팝업|서울 맛집|서울 팝업스토어|성수 데이트|성수 팝업,더현대 서울 팝업 5월 5주차 총정리 | 지하1층 테이스티 서울 ... | 더현대 서울 디저트 팝업 5.29 - 6. 4 보따리제과점 돌하르밥... | 여의도 더현대 서울 미소를 부르는 맛있는 한입! 5/29~6/4 팝업...,https://blog.naver.com/c_ong-/224300868537 | https://blog.naver.com/loranzi/224300679149 | https://blog.naver.com/evtmedia/224300456431
96,가로수길,40,더현대 팝업|서울 데이트|서울 데이트 코스|서울 맛집|서울 전시|서울 카페|서울 팝업스토어|성수 데이트|성수 맛집|성수 카페|성수 팝업|연남동 데이트|연남동 맛집|연남동 카페|잠실 카페|한남동 데이트|한남동 카페,"[ 카페 공명] 가로수길 대형 카페 | 콘센트 있는 카페 | 소금빵 맛집 | 스승의날·명절 선물 고민 끝, 가로수길 디저트 에뚜왈 마들렌... | 후쿠오카 쇼핑리스트 2026, 엔화 얼마나 환전해야 하는지까지...",https://blog.naver.com/jinjin_1226/224301775290 | https://blog.naver.com/tourmom121/224301744926 | https://blog.naver.com/moneybox_yeouido/224299816553
97,김포,40,더현대 팝업|무료 전시|서울 데이트|서울 데이트 코스|서울 맛집|서울 전시|서울 카페|서울 팝업스토어|연남동 맛집|을지로 카페|잠실 맛집|잠실 카페,김포 월곶 맛집 대형 카페 닐라이 브런치 커피 | [ 김포 / 일산 / 파주 / 검단 / 인천 ] 샌드위치 단체주문 / 답례품... | 단체주문 / 서울 단체주문 / 서울 경희대학교 / 샌드위치...,https://blog.naver.com/ranini0811/224301766419 | https://blog.naver.com/bingdore/224301750201 | https://blog.naver.com/bingdore/224301747552
98,베이커리카페,40,서울 데이트|서울 데이트 코스|서울 맛집|서울 카페|성수 데이트|성수 맛집|성수 카페|연남동 데이트|연남동 맛집|연남동 카페|을지로 맛집|을지로 카페|잠실 맛집|잠실 카페|한남동 데이트|한남동 맛집|한남동 카페,"스타필드 하남 카페 추천, 쇼핑 중 들르기 좋은 테라로사... | 서울 데이트 | 도토리 휘낭시에 만들기 원데이 클래스 | 남양주 팔당 카페 | 강뷰 끝판왕 베이크온 ☕️",https://blog.naver.com/happyduffii/224301782108 | https://blog.naver.com/adastra_mi/224301764715 | https://blog.naver.com/adastra_mi/224301735991
99,해방촌,40,서울 데이트|서울 데이트 코스|서울 맛집|서울 전시|서울 카페|서울 팝업스토어|성수 카페|연남동 데이트|연남동 카페|을지로 카페|잠실 카페|한남동 데이트|한남동 맛집|한남동 카페,26.5月 | 적게 일하고 많이 버는 삶 원해요 | 해방촌 노을 맛집 타코스탠드 야외석에서먹은 소곱창타코와...,https://blog.naver.com/manzoni-/224301826598 | https://blog.naver.com/seonkchoi/224301790400 | https://blog.naver.com/ymr201801/224301764164
100,한남동브런치,38,서울 맛집|한남동 데이트|한남동 맛집|한남동 카페,"한남동 대형 카페 애견동반 낫배드커피 야경 맛집 카페 | 한남동 브런치 맛집 타르틴 베이커리 분위기 좋은 대형 카페 후기 | 건강하게 즐기기 좋은 한남동 브런치 맛집, 킴 한남(KEEM...",https://blog.naver.com/ddominido/224301692868 | https://blog.naver.com/vippsh/224300816982 | https://blog.naver.com/169_lookhee/224301448635